filename,knnallrew-cv0,knnallrew-cv1,knnallrew-cv2,knnallrew-cv3,knnallrew-cv4,knnallrew-cv5,knnallrew-cv6,knnallrew-cv7,knnallrew-cv8,knnallrew-cv9,nbpkid-cv0,nbpkid-cv1,nbpkid-cv2,nbpkid-cv3,nbpkid-cv4,nbpkid-cv5,nbpkid-cv6,nbpkid-cv7,nbpkid-cv8,nbpkid-cv9,dtc44-cv0,dtc44-cv1,dtc44-cv2,dtc44-cv3,dtc44-cv4,dtc44-cv5,dtc44-cv6,dtc44-cv7,dtc44-cv8,dtc44-cv9
0_dt,0.9968,0.9984,1,0.9968,0.9984,1,0.9984,0.992,0.9984,0.9856,1,0.9968,0.9984,0.9904,1,0.9968,0.9952,0.9984,0.9792,0.9936,1,1,1,1,1,1,1,1,1,1
0_knn,1,1,0.9952,0.992,0.9984,1,1,1,0.9984,1,0.9936,0.9952,0.9888,0.9984,0.9952,0.992,0.9904,0.9984,0.9808,0.9872,1,1,1,1,1,1,1,1,1,1
0_nb,0.9984,1,0.9872,1,0.9952,1,0.9984,1,0.9952,0.9936,0.9936,0.9888,0.9952,1,0.9968,0.9968,0.9824,0.9936,0.9904,0.992,1,1,1,1,1,1,1,1,1,1
1_dt,0.992,0.9968,0.9984,0.9952,0.9984,0.9984,0.9952,0.9968,0.992,0.9952,0.9888,0.9984,0.9872,0.9936,0.9904,0.9936,1,0.9984,0.9888,0.9824,1,1,1,1,1,1,1,1,1,1
1_knn,1,1,0.9968,0.9984,0.9984,0.9936,0.9952,0.9936,0.9968,0.9904,0.992,0.9984,0.9984,1,0.9888,0.9968,0.9888,0.9968,0.9888,0.9904,1,1,1,1,1,1,1,1,1,1
1_nb,1,0.9936,0.9984,1,0.9888,1,0.9984,0.9968,0.9952,0.9936,0.9968,0.9952,0.9968,0.9888,0.9952,0.9984,0.992,0.9936,0.9872,1,1,1,1,1,1,1,1,1,1,1
2_dt,1,1,0.9936,0.9968,0.9984,0.9984,0.9984,0.9952,0.9936,0.9984,0.9952,0.9904,0.9984,1,0.992,0.992,0.9952,0.9904,0.9904,0.9952,1,1,1,1,1,1,1,1,1,1
2_knn,0.9984,0.9952,1,0.9968,0.9952,0.9968,0.9968,1,1,1,0.992,0.9904,0.9952,0.9936,0.9936,0.9968,0.9984,1,1,1,1,1,1,1,1,1,1,1,1,1
2_nb,0.9984,1,0.9904,0.9984,0.9888,0.9968,0.984,0.9984,0.992,0.9872,0.9936,0.9952,0.992,0.9936,0.9904,0.9968,0.9936,0.992,0.9872,0.9888,1,1,1,1,1,1,1,1,1,1
3_dt,1,0.9984,0.992,0.9984,0.9968,1,0.9968,1,0.9984,0.9968,0.9904,0.992,0.9936,0.9872,0.9984,0.9872,0.9984,0.9968,0.9872,0.9984,1,1,1,1,1,1,1,1,1,1
3_knn,0.9936,0.9984,1,0.9984,0.9856,0.9968,0.9984,0.9968,0.9984,0.9952,0.9936,0.9904,0.9952,0.9936,1,0.9968,0.9984,0.9968,0.9904,0.9936,1,1,1,1,1,1,1,1,1,1
3_nb,0.9984,0.992,0.9952,0.9968,0.9936,0.9984,0.9888,0.9984,0.9936,0.9952,0.9952,1,0.9952,0.9968,0.9904,0.9952,0.9904,0.9936,0.9952,0.9984,1,1,1,1,1,1,1,1,1,1
4_dt,1,1,1,1,1,1,1,1,1,1,1,1,1,1,1,1,1,1,1,1,1,1,1,1,1,1,1,1,1,1
4_knn,1,1,1,1,1,1,1,1,1,1,1,1,1,1,1,1,1,1,1,1,1,1,1,1,1,1,1,1,1,1
4_nb,1,1,1,1,1,1,1,1,1,1,1,1,1,1,1,1,1,1,1,1,1,1,1,1,1,1,1,1,1,1
5_dt,1,0.9968,0.992,1,0.9968,0.9952,0.9968,0.9968,1,0.9984,0.9952,0.9904,0.9968,0.992,0.9872,0.992,0.992,0.9904,1,0.9936,1,1,1,1,1,1,1,1,1,1
5_knn,0.9984,0.992,0.9952,0.9968,0.992,0.9984,0.9952,0.9968,1,0.9952,0.992,0.9888,0.9936,0.9952,0.9984,0.9984,0.9904,0.9952,0.9984,0.9952,1,1,1,1,1,1,1,1,1,1
5_nb,0.9984,0.9952,0.9984,0.9968,0.9952,0.9984,1,0.9952,1,0.9936,0.9904,0.9968,0.9952,0.9952,0.9984,0.9936,0.9904,0.9904,0.9936,0.9984,1,1,1,1,1,1,1,1,1,1
6_dt,0.9984,0.9984,1,0.9952,0.9968,0.9888,0.9936,0.9936,1,0.9952,0.9968,1,0.9952,0.9984,0.9952,0.9968,0.9952,0.9888,0.984,0.9984,1,1,1,1,1,1,1,1,1,1
6_knn,0.9648,0.9792,0.9808,0.976,0.9792,0.9792,0.9792,0.9792,0.9776,0.9792,0.9808,0.976,0.9808,0.9808,0.9776,0.9792,0.9808,0.9776,0.9776,0.9808,0.9728,0.9744,0.9728,0.9712,0.9728,0.9712,0.9712,0.9712,0.9712,0.9728
6_nb,0.9984,0.9936,0.9952,0.9952,1,0.9984,0.9904,0.9984,0.9936,0.9968,0.9952,0.9936,0.992,1,0.9904,0.992,0.9936,0.9904,0.9984,0.9968,1,1,1,1,1,1,1,1,1,1
7_dt,0.9952,0.9984,1,0.992,1,0.9968,0.9968,1,0.9936,0.9968,0.9952,1,0.9936,0.9952,0.9904,0.9872,0.9904,0.9984,0.9968,0.9904,1,1,1,1,1,1,1,1,1,1
7_knn,0.9968,1,0.9952,0.9904,1,0.9968,0.992,1,0.9904,0.9952,0.9888,0.992,0.9856,0.9984,0.992,0.9904,0.9952,0.9904,0.9936,0.9904,1,1,1,1,1,1,1,1,1,1
7_nb,0.9952,0.992,0.9936,0.992,0.9968,0.9968,0.9984,0.9984,0.9984,1,0.9984,0.9904,0.9904,0.9968,0.9984,0.992,0.9808,0.9856,0.9968,0.9952,1,1,1,1,1,1,1,1,1,1
8_dt,0.9984,0.992,0.9984,1,0.9952,0.9968,0.9984,1,0.9968,0.9936,0.9936,0.984,0.9824,0.9984,0.9952,0.9952,0.992,0.9952,0.9952,0.9952,1,1,1,1,1,1,1,1,1,1
8_knn,0.9984,1,0.9952,0.9952,0.9984,1,0.9952,0.992,0.9936,0.9952,1,0.992,1,0.9792,1,0.992,0.9984,0.9984,1,0.9824,1,1,1,1,1,1,1,1,1,1
8_nb,0.9968,0.9952,0.9984,0.9984,0.9984,0.9936,0.9984,0.9952,1,0.9968,0.9952,0.9968,1,0.992,0.9984,0.9936,0.992,0.9968,0.992,0.9968,1,1,1,1,1,1,1,1,1,1
9_dt,1,1,1,1,1,1,1,1,1,1,1,1,1,1,1,1,1,1,1,1,1,1,1,1,1,1,1,1,1,1
9_knn,1,1,1,1,1,1,1,1,1,1,1,1,1,1,1,1,1,1,1,1,1,1,1,1,1,1,1,1,1,1
9_nb,1,1,1,1,1,1,1,1,1,1,1,1,1,1,1,1,1,1,1,1,1,1,1,1,1,1,1,1,1,1
10_dt,0.9968,0.9888,0.9936,0.9984,0.9968,0.9984,0.992,0.9968,0.9952,0.9952,0.9936,0.992,0.9984,0.9936,0.9952,0.9936,0.9952,0.9968,0.9968,1,1,1,1,1,1,1,1,1,1,1
10_knn,0.9984,0.9968,1,0.9952,0.9952,0.9984,0.9952,0.9968,0.9984,0.9904,0.9776,0.9744,0.9824,0.9824,0.976,0.9792,0.9808,0.9808,0.9792,0.9792,0.9952,0.9984,0.9968,0.9968,0.9984,0.9984,0.9984,0.9984,0.9984,0.9984
10_nb,0.0992,0.0976,0.0976,0.0976,0.0976,0.0992,0.0976,0.0976,0.0992,0.0976,0.9984,0.9968,0.9968,0.9984,0.9968,0.9968,0.9984,0.9984,0.9984,0.9984,0.9968,0.9984,0.9968,0.9968,0.9968,0.9968,0.9952,0.9968,0.9968,0.9968
11_dt,1,1,1,1,1,1,1,1,1,1,1,1,1,1,1,1,1,1,1,1,1,1,1,1,1,1,1,1,1,1
11_knn,1,1,1,1,1,1,1,1,1,1,1,1,1,1,1,1,1,1,1,1,1,1,1,1,1,1,1,1,1,1
11_nb,1,1,1,1,1,1,1,1,1,1,1,1,1,1,1,1,1,1,1,1,1,1,1,1,1,1,1,1,1,1
12_dt,0.9968,1,0.9936,1,0.9936,0.9968,0.9952,1,1,0.9968,1,0.9904,0.9936,0.992,1,0.9936,0.9984,0.9872,0.9936,0.9888,1,1,1,1,1,1,1,1,1,1
12_knn,0.7824,0.7872,0.7856,0.7824,0.7856,0.7856,0.7824,0.7856,0.784,0.784,0.952,0.9488,0.9488,0.952,0.9568,0.9584,0.9584,0.9424,0.9472,0.9568,0.9712,0.9696,0.9712,0.9728,0.9744,0.9696,0.9696,0.9744,0.9824,0.9696
12_nb,0.0096,0.0096,0.0112,0.0112,0.0096,0.0096,0.0096,0.0096,0.0096,0.0096,0.992,0.992,0.9936,0.992,0.9872,0.9888,0.9904,0.9888,0.992,0.9936,0.9968,0.9968,0.9968,0.9968,0.9936,0.9968,0.9968,0.9968,0.9968,0.9952
13_dt,0.8096,0.808,0.8048,0.8048,0.8032,0.8096,0.8064,0.808,0.8112,0.808,0.9904,0.984,0.984,0.976,0.9872,0.984,0.9856,0.9856,0.9984,0.9744,1,1,1,1,1,1,1,1,1,1
13_knn,0.0992,0.0976,0.0976,0.0992,0.0976,0.0976,0.0992,0.0992,0.0992,0.0992,0.9968,0.9984,0.9968,0.9984,0.9952,0.9968,0.9984,0.9984,0.9984,0.9968,0.9952,0.9968,0.9968,0.9968,0.9968,0.9968,0.9968,0.9952,0.9952,0.9952
13_nb,0.0976,0.0976,0.0976,0.0992,0.0976,0.0976,0.0976,0.0976,0.0976,0.0992,0.9984,0.9984,0.9984,0.9984,0.9984,0.9968,0.9984,0.9984,0.9984,0.9968,0.9968,0.9968,0.9952,0.9968,0.9968,0.9952,0.9968,0.9968,0.9968,0.9968
14_dt,1,1,1,1,1,1,1,1,1,1,1,1,1,1,1,1,1,1,1,1,1,1,1,1,1,1,1,1,1,1
14_knn,1,1,1,1,1,1,1,1,1,1,1,1,1,1,1,1,1,1,1,1,1,1,1,1,1,1,1,1,1,1
14_nb,1,1,1,1,1,1,1,1,1,1,1,1,1,1,1,1,1,1,1,1,1,1,1,1,1,1,1,1,1,1
15_dt,0.9984,0.9984,0.9952,0.9984,0.9952,0.9984,0.9984,0.9968,1,0.992,0.9968,0.9872,0.9856,0.9968,0.9952,0.9936,0.9984,0.9936,0.9984,0.9984,1,1,1,1,1,1,1,1,1,1
15_knn,0.8864,0.8784,0.88,0.88,0.8816,0.8816,0.8832,0.8784,0.8832,0.8832,0.9392,0.936,0.9376,0.9472,0.9328,0.9376,0.936,0.9584,0.92,0.952,0.9776,0.9792,0.9808,0.9776,0.9792,0.9792,0.976,0.976,0.984,0.9808
15_nb,0.7376,0.7216,0.7424,0.7312,0.7408,0.7456,0.7264,0.7328,0.728,0.7248,0.9088,0.904,0.8976,0.8864,0.9216,0.9216,0.9088,0.9184,0.9072,0.9232,0.9072,0.92,0.9184,0.9136,0.904,0.92,0.9104,0.9168,0.9232,0.9088
16_dt,0.96,0.96,0.96,0.9616,0.96,0.96,0.96,0.96,0.96,0.96,0.9984,0.9904,0.9952,0.9904,0.9904,0.9984,0.9968,0.9984,0.9888,0.9968,1,1,1,1,1,1,1,1,1,1
16_knn,0.9584,0.9616,0.9648,0.9632,0.9632,0.9632,0.9616,0.9568,0.9648,0.9632,0.9216,0.9136,0.928,0.912,0.9152,0.9152,0.9072,0.9136,0.92,0.92,0.968,0.9728,0.9664,0.9696,0.968,0.96,0.9728,0.968,0.9664,0.9584
16_nb,0.6576,0.6448,0.656,0.6496,0.6496,0.648,0.6528,0.6512,0.6528,0.6544,0.9504,0.9504,0.9488,0.9392,0.9376,0.9504,0.9408,0.9424,0.9376,0.936,0.9808,0.9792,0.9792,0.9888,0.9824,0.9824,0.9776,0.9872,0.9824,0.9792
17_dt,0.0992,0.0832,0.088,0.0944,0.0928,0.0944,0.0944,0.0896,0.0928,0.0976,0.9728,0.9744,0.9696,0.96,0.9696,0.9696,0.968,0.9824,0.9824,0.9776,1,1,1,1,1,1,1,1,1,1
17_knn,0.0992,0.0976,0.0976,0.0976,0.0992,0.0992,0.0976,0.0976,0.0976,0.0992,0.9984,0.9984,0.9952,0.9968,0.9968,0.9968,0.9984,0.9984,0.9968,0.9968,0.9968,0.9968,0.9952,0.9936,0.9952,0.9968,0.9952,0.9952,0.9984,0.9968
17_nb,0.0976,0.0976,0.0992,0.0976,0.0992,0.0992,0.0992,0.0992,0.0992,0.0992,0.9968,0.9984,0.9968,0.9984,0.9968,0.9952,0.9984,0.9984,0.9984,0.9984,0.9952,0.9952,0.9968,0.9952,0.9952,0.9952,0.9984,0.9952,0.9968,0.9968
18_dt,0.8016,0.8,0.8,0.8016,0.8016,0.7984,0.8,0.8032,0.8,0.8016,0.9936,0.992,0.9856,0.9904,0.9888,0.9904,0.9936,0.9968,0.9904,0.9952,1,1,1,1,1,1,1,1,1,1
18_knn,0.0976,0.1024,0.1008,0.0976,0.0976,0.0992,0.0992,0.1008,0.0992,0.0992,0.9968,0.9984,0.9968,0.9968,0.9968,0.9968,0.9968,0.9984,0.9952,0.9984,0.9968,0.9984,0.9968,0.9984,0.9968,0.9968,0.9984,0.9968,0.9968,0.9984
18_nb,0.0976,0.0976,0.0992,0.1024,0.0992,0.0992,0.1008,0.0976,0.0976,0.0992,0.9968,0.9968,0.9984,0.9984,0.9968,0.9984,0.9984,0.9984,0.9984,0.9984,0.9952,0.9984,0.9952,0.9952,0.9984,0.9952,0.9952,0.9968,0.9968,0.9952
19_dt,1,1,1,1,1,1,1,1,1,1,1,1,1,1,1,1,1,1,1,1,1,1,1,1,1,1,1,1,1,1
19_knn,1,1,1,1,1,1,1,1,1,1,1,1,1,1,1,1,1,1,1,1,1,1,1,1,1,1,1,1,1,1
19_nb,1,1,1,1,1,1,1,1,1,1,1,1,1,1,1,1,1,1,1,1,1,1,1,1,1,1,1,1,1,1
20_dt,0.7952,0.7904,0.7904,0.7936,0.7936,0.7888,0.792,0.7968,0.7968,0.7936,0.9888,0.9888,0.9952,0.9872,0.9952,0.9936,0.9856,0.984,0.9984,0.9968,1,1,1,1,1,1,1,1,1,1
20_knn,0.1408,0.1392,0.1312,0.136,0.136,0.1328,0.1376,0.1296,0.1408,0.136,0.9984,0.9984,0.9968,0.9984,0.9984,0.9968,0.9968,0.9984,0.9968,0.9952,0.9952,0.9968,0.9984,0.9952,0.9952,0.9968,0.9968,0.9984,0.9968,0.9968
20_nb,0.128,0.1312,0.1376,0.136,0.1376,0.136,0.1392,0.1328,0.1328,0.1392,0.9984,0.9968,0.9984,0.9984,0.9968,0.9984,0.9984,0.9984,0.9968,0.9984,0.9968,0.9968,0.9952,0.9968,0.9968,0.9952,0.9968,0.9968,0.9968,0.9968
21_dt,0.1808,0.1888,0.1888,0.1888,0.1824,0.1872,0.1936,0.1888,0.1872,0.1904,0.9664,0.9568,0.9536,0.9584,0.9632,0.9616,0.9664,0.9504,0.9664,0.9584,0.9936,0.9952,0.9952,0.9936,0.9952,0.9952,0.9952,0.9936,0.9936,0.9952
21_knn,0.7328,0.7344,0.7312,0.7296,0.7376,0.7296,0.7344,0.736,0.7296,0.728,0.936,0.9536,0.9568,0.9504,0.9488,0.96,0.9584,0.9568,0.944,0.9552,0.9664,0.968,0.9712,0.968,0.9696,0.968,0.9648,0.9696,0.9696,0.9744
21_nb,0.5344,0.5088,0.52,0.5296,0.5248,0.5136,0.528,0.5264,0.5312,0.5472,0.928,0.9168,0.92,0.9104,0.9296,0.9136,0.9184,0.9136,0.92,0.9168,0.9424,0.9312,0.9296,0.9472,0.936,0.928,0.9408,0.9424,0.9264,0.928
22_dt,0.9392,0.944,0.9328,0.9456,0.9328,0.9424,0.9392,0.9408,0.944,0.9344,0.9744,0.9728,0.976,0.9776,0.9632,0.9664,0.9664,0.9696,0.976,0.9632,1,1,1,1,1,1,1,1,1,1
22_knn,0.552,0.5584,0.552,0.5504,0.5568,0.5568,0.5488,0.5584,0.552,0.5536,0.9456,0.9504,0.9552,0.9504,0.9536,0.944,0.9584,0.9472,0.952,0.9504,0.9904,0.9856,0.9872,0.9872,0.9872,0.9872,0.9888,0.9856,0.984,0.992
22_nb,0.648,0.6448,0.648,0.6416,0.6432,0.6464,0.6496,0.6416,0.6512,0.6432,0.9056,0.92,0.9216,0.9152,0.9104,0.9088,0.912,0.9184,0.92,0.9056,0.944,0.9536,0.9568,0.952,0.952,0.9488,0.9536,0.9488,0.9408,0.9456
23_dt,0.96,0.96,0.96,0.96,0.9616,0.96,0.96,0.96,0.96,0.96,0.9952,0.992,0.9888,0.9968,0.9872,0.9984,0.9872,0.992,0.9904,0.992,1,1,1,1,1,1,1,1,1,1
23_knn,0.144,0.136,0.136,0.1408,0.1376,0.1376,0.1344,0.1296,0.1408,0.1328,0.9984,0.9968,0.9968,0.9968,0.9984,0.9952,0.9984,0.9968,0.9968,0.9984,0.9968,0.9968,0.9968,0.9968,0.9968,0.9968,0.9968,0.9984,0.9984,0.9968
23_nb,0.1344,0.144,0.1376,0.1344,0.1376,0.1392,0.136,0.1296,0.136,0.1344,0.9968,0.9984,0.9984,0.9968,0.9984,0.9984,0.9968,0.9968,0.9968,0.9984,0.9968,0.9968,0.9968,0.9968,0.9968,0.9968,0.9968,0.9968,0.9968,0.9968
24_dt,0.4064,0.4032,0.4016,0.3984,0.3952,0.4032,0.3968,0.4032,0.4016,0.4,0.9872,0.984,0.9808,0.9776,0.9776,0.9904,0.9872,0.9824,0.9856,0.9776,0.9968,0.9968,0.9984,0.9968,0.9968,0.9968,0.9984,0.9968,0.9968,0.9968
24_knn,0.512,0.5072,0.5104,0.512,0.504,0.5024,0.5072,0.5056,0.504,0.5088,0.952,0.9504,0.9536,0.9504,0.9504,0.9536,0.9472,0.9552,0.952,0.9488,0.9472,0.9568,0.9552,0.944,0.9504,0.9536,0.9456,0.9456,0.944,0.9456
24_nb,0.0976,0.0992,0.0976,0.0976,0.0992,0.0992,0.0976,0.0992,0.0992,0.0992,0.9952,0.9968,0.9968,0.9984,0.9984,0.9984,0.9952,0.9968,0.9984,0.9984,0.9968,0.9968,0.9968,0.9968,0.9968,0.9968,0.9968,0.9968,0.9984,0.9968
25_dt,0.7792,0.7824,0.7744,0.7824,0.7776,0.7744,0.7824,0.7776,0.7824,0.7776,0.9536,0.9472,0.9472,0.952,0.952,0.9488,0.9504,0.9552,0.9568,0.9456,1,1,1,1,1,1,1,1,1,1
25_knn,0.2032,0.2,0.2032,0.1984,0.2,0.2,0.2016,0.1984,0.2,0.2144,0.9728,0.9744,0.976,0.976,0.976,0.9744,0.9744,0.9712,0.9744,0.9744,0.9728,0.9744,0.9712,0.968,0.9776,0.9712,0.9744,0.9792,0.9744,0.9712
25_nb,0.0576,0.0544,0.0592,0.0496,0.0624,0.0448,0.0464,0.056,0.0544,0.056,0.9888,0.9888,0.9872,0.9904,0.984,0.9888,0.9888,0.9904,0.9888,0.984,0.9936,0.9904,0.992,0.9888,0.992,0.9904,0.9904,0.9904,0.9936,0.9936
26_dt,0.768,0.768,0.7664,0.7632,0.768,0.7648,0.7648,0.7648,0.7664,0.7648,0.9712,0.9744,0.976,0.9552,0.9696,0.968,0.9712,0.968,0.9744,0.976,0.9936,0.9984,0.9984,0.9936,0.9936,0.9968,0.9952,0.9936,0.9936,0.9968
26_knn,0.1984,0.1984,0.2,0.208,0.1984,0.1856,0.1968,0.1904,0.208,0.2,0.9824,0.9856,0.984,0.9824,0.9808,0.9872,0.9856,0.9872,0.984,0.9856,0.9904,0.992,0.992,0.992,0.992,0.992,0.992,0.9936,0.992,0.992
26_nb,0.4608,0.4624,0.4624,0.4624,0.4688,0.4544,0.4608,0.4624,0.4672,0.448,0.9232,0.9264,0.9232,0.9248,0.928,0.9264,0.936,0.9344,0.9264,0.9136,0.9408,0.9392,0.9376,0.9408,0.9392,0.9344,0.9312,0.9424,0.936,0.9392
27_dt,0.3712,0.384,0.3808,0.3792,0.3776,0.3776,0.3792,0.384,0.3808,0.3808,0.9824,0.9824,0.9776,0.9792,0.9888,0.984,0.976,0.9776,0.976,0.984,0.9984,0.9984,0.9952,0.9984,0.9984,0.9984,0.9936,0.9984,0.9968,0.9984
27_knn,0.8992,0.9024,0.9008,0.904,0.9024,0.9024,0.904,0.9024,0.8992,0.9008,0.9152,0.8992,0.8896,0.8992,0.896,0.9024,0.9072,0.904,0.896,0.888,0.9408,0.944,0.9488,0.9424,0.9344,0.9504,0.9424,0.9392,0.9568,0.952
27_nb,0.0128,0.016,0.0144,0.0128,0.0128,0.0128,0.0144,0.0128,0.0128,0.0128,0.9824,0.9872,0.9904,0.9888,0.9872,0.9888,0.9856,0.9872,0.9904,0.9872,0.992,0.9936,0.9936,0.992,0.9936,0.9952,0.9936,0.9936,0.9952,0.9936
28_dt,0.9488,0.944,0.9456,0.944,0.9424,0.9472,0.9408,0.9424,0.9472,0.944,0.9792,0.9728,0.976,0.9712,0.976,0.9728,0.9792,0.9664,0.976,0.952,0.9984,0.9984,0.9968,0.9984,0.9984,0.9968,0.9984,0.9984,0.9968,0.9984
28_knn,0.0048,0.0048,0.0048,0.0048,0.0048,0.0048,0.0064,0.0048,0.0048,0.0048,0.9936,0.9952,0.9936,0.9952,0.9952,0.9952,0.9952,0.9952,0.9952,0.9952,0.9888,0.992,0.9904,0.9904,0.9904,0.9888,0.9904,0.9904,0.9872,0.9936
28_nb,0.5808,0.5872,0.5856,0.5856,0.584,0.5872,0.5904,0.5712,0.5952,0.584,0.9216,0.9088,0.9056,0.9136,0.9168,0.9248,0.9152,0.9104,0.9152,0.92,0.9408,0.9408,0.9312,0.944,0.9376,0.9344,0.9392,0.9344,0.9376,0.9376
29_dt,0.9472,0.9504,0.9472,0.9488,0.9504,0.9408,0.9376,0.944,0.9488,0.944,0.9856,0.9952,0.9888,0.9904,0.9904,0.9888,0.992,0.9952,0.9952,0.984,1,1,1,1,1,1,1,1,1,1
29_knn,0.2304,0.2272,0.232,0.2272,0.2288,0.2288,0.2176,0.232,0.2128,0.2288,0.9984,0.9984,0.9968,0.9952,0.9968,0.9984,0.9968,0.9984,0.9968,0.9968,0.9968,0.9968,0.9984,0.9968,0.9968,0.9968,0.9968,0.9968,0.9968,0.9968
29_nb,0.2336,0.2288,0.2272,0.2224,0.2272,0.232,0.232,0.2208,0.2208,0.2272,0.9968,0.9984,0.9968,0.9968,0.9952,0.9984,0.9984,0.9968,0.9936,0.9968,0.9968,0.9968,0.9968,0.9968,0.9968,0.9984,0.9952,0.9952,0.9936,0.9968
30_dt,0.8448,0.8496,0.8464,0.848,0.8416,0.848,0.8512,0.8448,0.8416,0.8496,0.9424,0.9376,0.9472,0.9552,0.9424,0.952,0.9408,0.9616,0.9536,0.9584,0.9936,0.992,0.9952,0.9952,0.9952,0.9952,0.9968,0.9968,0.9952,0.9952
30_knn,0.6016,0.5952,0.6032,0.5984,0.592,0.6064,0.6064,0.6,0.6048,0.6064,0.9728,0.9696,0.9712,0.9696,0.9728,0.9712,0.9712,0.9712,0.9712,0.9712,0.96,0.9536,0.96,0.9648,0.9664,0.9632,0.9648,0.9632,0.9568,0.9584
30_nb,0.632,0.616,0.648,0.64,0.6368,0.6384,0.6352,0.6336,0.648,0.6272,0.9216,0.92,0.9312,0.9296,0.9136,0.92,0.9232,0.9296,0.9216,0.9184,0.9424,0.9344,0.936,0.936,0.9392,0.9344,0.9232,0.9344,0.9408,0.9344
31_dt,0.152,0.152,0.152,0.152,0.152,0.1536,0.152,0.152,0.1536,0.1536,0.9696,0.9472,0.9536,0.9696,0.968,0.9536,0.9728,0.968,0.9616,0.9616,0.9952,0.9968,0.9952,0.9968,0.9968,0.9984,0.9968,0.9936,0.9968,0.9952
31_knn,0.4256,0.4272,0.424,0.4224,0.4224,0.4256,0.4192,0.4176,0.4256,0.432,0.952,0.96,0.9536,0.9552,0.9552,0.9472,0.9568,0.9584,0.9664,0.9552,0.9776,0.976,0.9696,0.9744,0.976,0.9776,0.9712,0.9744,0.9744,0.976
31_nb,0.712,0.7008,0.72,0.7168,0.696,0.7024,0.7088,0.7072,0.7056,0.712,0.9056,0.8992,0.8992,0.904,0.888,0.912,0.912,0.9008,0.8992,0.912,0.9328,0.9344,0.936,0.9312,0.9344,0.9312,0.9328,0.9264,0.9312,0.9328
32_dt,0.2992,0.2944,0.2912,0.2928,0.296,0.2944,0.2928,0.2976,0.296,0.288,0.9264,0.9296,0.9328,0.9264,0.944,0.9312,0.9328,0.9232,0.9408,0.9248,1,1,0.9968,0.9968,1,1,1,1,0.9968,1
32_knn,0.5536,0.552,0.5456,0.5504,0.552,0.5488,0.5472,0.5504,0.5504,0.5536,0.9568,0.9568,0.9392,0.9552,0.944,0.9488,0.9424,0.952,0.9552,0.9456,0.9712,0.9632,0.976,0.9664,0.9616,0.968,0.9664,0.976,0.9568,0.9648
32_nb,0.568,0.5664,0.5712,0.568,0.5664,0.5728,0.5712,0.5696,0.5728,0.5696,0.9472,0.9424,0.9424,0.9376,0.9504,0.9408,0.9424,0.9408,0.9408,0.944,0.9712,0.9648,0.9616,0.9632,0.9648,0.9664,0.9696,0.968,0.9648,0.968
33_dt,0.7264,0.7248,0.728,0.7248,0.728,0.7264,0.728,0.728,0.7232,0.7216,0.9472,0.9184,0.952,0.944,0.952,0.9328,0.936,0.9488,0.928,0.9312,1,1,1,1,1,1,1,1,1,1
33_knn,0.4608,0.4656,0.4576,0.456,0.4624,0.464,0.4624,0.4656,0.4544,0.4576,0.9376,0.9376,0.9328,0.9328,0.9392,0.936,0.9312,0.928,0.9344,0.9376,0.9552,0.96,0.9504,0.96,0.9584,0.9584,0.9488,0.9584,0.9616,0.96
33_nb,0.2944,0.2912,0.2992,0.2944,0.2976,0.296,0.2992,0.2944,0.296,0.3008,0.9632,0.9664,0.9616,0.9536,0.952,0.9616,0.9664,0.9632,0.952,0.9536,0.9728,0.9728,0.9728,0.9696,0.9712,0.9792,0.9744,0.976,0.9712,0.9712
34_dt,0.7152,0.7152,0.7184,0.712,0.7168,0.7184,0.7168,0.7136,0.7104,0.7216,0.8544,0.84,0.8272,0.8512,0.8496,0.848,0.84,0.8496,0.8496,0.8432,0.9952,0.9968,0.9984,0.9968,0.9936,0.9952,0.9968,0.9936,0.9952,0.9968
34_knn,0.6832,0.6832,0.6864,0.6864,0.688,0.688,0.688,0.6848,0.688,0.6912,0.9104,0.9024,0.9088,0.896,0.8896,0.9008,0.8976,0.8864,0.896,0.912,0.944,0.9472,0.9456,0.9504,0.944,0.944,0.952,0.9488,0.9408,0.9488
34_nb,0.048,0.048,0.048,0.048,0.048,0.048,0.048,0.048,0.048,0.0496,0.9712,0.9696,0.9648,0.9696,0.9616,0.9616,0.96,0.9648,0.9696,0.9648,0.9648,0.9744,0.9728,0.968,0.9744,0.9696,0.9712,0.9712,0.9712,0.976
35_dt,0.3472,0.3504,0.3504,0.3504,0.3552,0.3616,0.3472,0.3456,0.3504,0.3552,0.9632,0.96,0.9536,0.9616,0.9616,0.9488,0.9552,0.9536,0.9648,0.9552,0.9968,0.9968,0.9968,0.9968,0.9968,0.9968,0.9968,0.9968,0.9968,0.9968
35_knn,0.0224,0.024,0.0224,0.0224,0.0208,0.0192,0.0288,0.024,0.024,0.024,0.9824,0.9808,0.9808,0.9824,0.9792,0.9808,0.9808,0.9808,0.9792,0.9824,0.976,0.9792,0.976,0.9712,0.976,0.9728,0.9776,0.9728,0.9776,0.9776
35_nb,0.0048,0.0048,0.0048,0.0048,0.0048,0.0048,0.0048,0.0048,0.0048,0.0144,0.9952,0.9952,0.9952,0.9952,0.9952,0.9952,0.9952,0.9936,0.9952,0.9952,0.9904,0.9856,0.9888,0.9888,0.984,0.9872,0.9872,0.9824,0.9856,0.9872
36_dt,0.352,0.3488,0.3472,0.3488,0.3536,0.352,0.3472,0.3456,0.352,0.3488,0.8944,0.8912,0.8976,0.904,0.8896,0.8944,0.904,0.9072,0.896,0.8976,0.9968,0.9968,0.9984,0.9952,0.9984,0.9968,0.9984,0.9952,0.9984,0.9968
36_knn,0.84,0.8336,0.8368,0.8384,0.8352,0.84,0.8368,0.8352,0.84,0.8352,0.9184,0.9232,0.928,0.9248,0.9248,0.92,0.92,0.9248,0.928,0.9264,0.9472,0.9488,0.9488,0.9472,0.9424,0.952,0.9424,0.9456,0.9472,0.944
36_nb,0.0656,0.064,0.0688,0.0736,0.0688,0.0688,0.0672,0.0672,0.064,0.0672,0.9664,0.968,0.9712,0.9648,0.968,0.96,0.9664,0.9664,0.9632,0.968,0.976,0.9744,0.9744,0.9792,0.9728,0.9712,0.976,0.9776,0.9744,0.976
37_dt,0.8736,0.8752,0.8736,0.872,0.872,0.8736,0.872,0.8768,0.872,0.872,0.8832,0.8768,0.8736,0.8784,0.8816,0.8864,0.8736,0.8832,0.8848,0.8864,0.992,0.992,0.9904,0.9904,0.992,0.9936,0.9936,0.9952,0.9904,0.9952
37_knn,0.6752,0.6784,0.6784,0.6752,0.6736,0.6736,0.672,0.6768,0.6736,0.6704,0.9264,0.9168,0.9344,0.9248,0.9232,0.9184,0.9296,0.9296,0.9168,0.928,0.9664,0.9616,0.9584,0.9536,0.9648,0.96,0.9664,0.952,0.9616,0.9552
37_nb,0.6384,0.6336,0.6336,0.6336,0.6352,0.6336,0.6336,0.6352,0.6368,0.6384,0.9488,0.936,0.944,0.944,0.9488,0.9504,0.944,0.9456,0.9472,0.944,0.9648,0.9648,0.96,0.9696,0.9728,0.9712,0.9712,0.9632,0.9616,0.9776
38_dt,0.7872,0.7904,0.792,0.7904,0.7856,0.7888,0.7888,0.7888,0.7904,0.784,0.9792,0.9888,0.9808,0.9728,0.9872,0.9888,0.984,0.9856,0.9808,0.9904,1,0.9936,1,0.9968,1,1,0.9968,1,0.9984,0.9888
38_knn,0.0048,0.0048,0.0048,0.0048,0.0048,0.0048,0.0064,0.0048,0.0048,0.0048,0.9952,0.9952,0.9952,0.9952,0.9936,0.9968,0.9952,0.9952,0.9952,0.9952,0.9952,0.9904,0.9936,0.9936,0.9936,0.9952,0.9952,0.9952,0.9952,0.992
38_nb,0.0048,0.0048,0.0048,0.0048,0.0048,0.0048,0.0048,0.008,0.0048,0.0064,0.9936,0.9952,0.9936,0.9952,0.9952,0.9952,0.9952,0.9936,0.9952,0.9952,0.992,0.992,0.9952,0.9936,0.9952,0.992,0.9952,0.9888,0.992,0.9952
39_dt,0.8144,0.8144,0.8112,0.8128,0.8144,0.8144,0.8144,0.8128,0.8112,0.8176,0.9856,0.9792,0.9712,0.9808,0.9872,0.9808,0.9744,0.9824,0.976,0.9776,0.992,0.9904,0.992,0.9904,0.9888,0.992,0.9936,0.9904,0.9872,0.992
39_knn,0.6576,0.6608,0.6624,0.6592,0.664,0.6512,0.6608,0.6592,0.6512,0.6528,0.8048,0.792,0.808,0.7872,0.7904,0.7888,0.7808,0.7872,0.7984,0.792,0.9248,0.9088,0.8992,0.8992,0.9072,0.9056,0.8848,0.8992,0.9088,0.8976
39_nb,0.4784,0.4864,0.4816,0.4784,0.488,0.4864,0.4784,0.4784,0.48,0.4832,0.96,0.9504,0.9552,0.9472,0.9472,0.952,0.9584,0.9456,0.9536,0.9536,0.9712,0.976,0.9712,0.9776,0.9728,0.9728,0.9744,0.9712,0.9664,0.9712
40_dt,0.7776,0.7824,0.7776,0.7808,0.776,0.7744,0.776,0.7712,0.7728,0.7792,0.9264,0.9152,0.92,0.9312,0.9216,0.9264,0.9344,0.9088,0.9248,0.9264,0.9936,0.9936,0.9936,0.9936,0.9952,0.9952,0.9936,0.9936,0.9936,0.9936
40_knn,0.9024,0.9024,0.9072,0.904,0.9072,0.9104,0.9072,0.904,0.9056,0.9072,0.8896,0.904,0.8768,0.8896,0.8976,0.88,0.8832,0.8944,0.8752,0.8848,0.9024,0.9072,0.9216,0.8912,0.9168,0.9184,0.9088,0.896,0.9184,0.9056
40_nb,0.8352,0.8368,0.84,0.8336,0.8368,0.832,0.8384,0.8304,0.8336,0.8352,0.9296,0.9296,0.9344,0.9248,0.9312,0.9376,0.9216,0.9264,0.9216,0.9216,0.952,0.9584,0.9488,0.96,0.9552,0.9536,0.9504,0.9536,0.9488,0.9504
41_dt,0.6544,0.6528,0.6544,0.6576,0.656,0.6512,0.6528,0.6464,0.6512,0.6544,0.8592,0.8672,0.8496,0.88,0.856,0.8752,0.8672,0.8576,0.8832,0.8752,0.9952,0.9952,0.992,0.9952,0.9936,0.9968,0.9952,0.9904,0.9968,0.9952
41_knn,0.8144,0.808,0.792,0.7984,0.8,0.8112,0.8096,0.792,0.7984,0.7952,0.5728,0.5952,0.5872,0.624,0.5824,0.584,0.592,0.5968,0.5904,0.5872,0.9232,0.9328,0.9264,0.9248,0.9232,0.9328,0.9376,0.9296,0.9248,0.928
41_nb,0.9408,0.9408,0.9408,0.9392,0.944,0.9408,0.9392,0.9424,0.9408,0.9424,0.9152,0.9184,0.9088,0.9136,0.92,0.9152,0.9312,0.9168,0.9168,0.9136,0.9536,0.9472,0.9488,0.9504,0.9504,0.9424,0.9536,0.952,0.9536,0.9488
42_dt,0.8112,0.8096,0.8,0.8224,0.8224,0.8032,0.8192,0.8144,0.8208,0.8096,0.6224,0.608,0.584,0.5968,0.5904,0.5776,0.5936,0.5984,0.5824,0.6128,0.9856,0.992,0.9872,0.9856,0.9872,0.9856,0.984,0.9872,0.9856,0.992
42_knn,0.6832,0.6816,0.6896,0.6816,0.6848,0.6832,0.6864,0.6848,0.68,0.6832,0.752,0.7456,0.7456,0.7456,0.7472,0.7424,0.752,0.752,0.7456,0.7536,0.8576,0.856,0.8528,0.856,0.856,0.8704,0.8592,0.8704,0.856,0.8608
42_nb,0.0416,0.0432,0.0464,0.0464,0.0416,0.0496,0.0432,0.0432,0.0464,0.0416,0.9584,0.9584,0.9616,0.9616,0.9664,0.9616,0.96,0.9616,0.9568,0.9696,0.9536,0.9568,0.9584,0.9616,0.9648,0.9552,0.9584,0.9568,0.9584,0.96
43_dt,0.888,0.888,0.8864,0.888,0.8848,0.8864,0.8848,0.8896,0.8864,0.888,0.9168,0.904,0.9296,0.9184,0.912,0.9392,0.9232,0.9296,0.9264,0.9232,0.9856,0.984,0.9776,0.9824,0.9792,0.9808,0.9776,0.9856,0.984,0.984
43_knn,0.8304,0.8288,0.8304,0.8304,0.8288,0.832,0.8288,0.8304,0.832,0.8304,0.84,0.8528,0.8496,0.8448,0.8416,0.8368,0.848,0.8416,0.8448,0.8528,0.8864,0.8848,0.8704,0.8848,0.8928,0.8816,0.872,0.8752,0.88,0.8752
43_nb,0.392,0.3904,0.3904,0.3904,0.3936,0.4,0.3904,0.3904,0.3872,0.3936,0.936,0.9248,0.9296,0.936,0.9248,0.9312,0.928,0.928,0.9264,0.936,0.9536,0.9408,0.9424,0.9424,0.9424,0.9424,0.9424,0.944,0.936,0.9392
44_dt,0.8256,0.8272,0.8256,0.8288,0.8272,0.8304,0.824,0.8256,0.8272,0.8256,0.9168,0.9152,0.9184,0.9248,0.9184,0.9232,0.9216,0.928,0.92,0.9232,0.9904,0.9936,0.9952,0.9904,0.9952,0.9856,0.9904,0.9984,0.9904,0.984
44_knn,0.744,0.7392,0.7488,0.744,0.7424,0.744,0.7408,0.7408,0.7392,0.7424,0.8848,0.8688,0.8816,0.8768,0.8704,0.8672,0.8592,0.8704,0.8784,0.8768,0.944,0.928,0.944,0.9376,0.936,0.9408,0.9312,0.9312,0.9424,0.9344
44_nb,0.3712,0.3728,0.3696,0.3712,0.3712,0.3744,0.3664,0.3712,0.3728,0.3728,0.9376,0.9392,0.9296,0.9312,0.9344,0.9376,0.9392,0.936,0.9392,0.9248,0.9456,0.944,0.9536,0.9504,0.9408,0.9472,0.9504,0.9488,0.9568,0.9472
45_dt,0.848,0.8416,0.8512,0.8512,0.8464,0.848,0.848,0.8464,0.8528,0.8448,0.9136,0.8992,0.896,0.8992,0.9136,0.8944,0.8992,0.8864,0.9088,0.896,0.9744,0.9808,0.9648,0.9808,0.9744,0.976,0.9744,0.9776,0.9744,0.9792
45_knn,0.7984,0.792,0.7984,0.7936,0.7952,0.7936,0.7968,0.8,0.7968,0.7984,0.8672,0.8832,0.8768,0.8928,0.888,0.8768,0.8864,0.8864,0.8768,0.8864,0.9104,0.9056,0.9312,0.9136,0.9104,0.9152,0.9072,0.904,0.9232,0.9216
45_nb,0.9392,0.9424,0.9408,0.9408,0.9424,0.9408,0.9408,0.9408,0.9408,0.9408,0.96,0.968,0.96,0.9616,0.9648,0.9664,0.9584,0.9632,0.9584,0.9616,0.9568,0.96,0.9568,0.9552,0.96,0.9584,0.9472,0.96,0.9504,0.9568
46_dt,0.7536,0.7568,0.7504,0.7472,0.7488,0.7456,0.7408,0.7504,0.7488,0.7472,0.9136,0.9072,0.9136,0.928,0.9184,0.912,0.928,0.912,0.9136,0.9168,0.9904,0.992,0.992,0.992,0.992,0.9904,0.992,0.992,0.9888,0.9888
46_knn,0.7056,0.7072,0.704,0.6992,0.7024,0.7024,0.7008,0.7104,0.7056,0.7056,0.8928,0.9104,0.904,0.8976,0.9072,0.9072,0.9184,0.9136,0.888,0.9088,0.9536,0.9552,0.9584,0.96,0.9552,0.9568,0.9552,0.952,0.9488,0.9488
46_nb,0.6816,0.6896,0.6832,0.6896,0.6848,0.6848,0.6848,0.6944,0.6832,0.6816,0.9072,0.9088,0.9056,0.8912,0.9088,0.9056,0.9216,0.9088,0.904,0.92,0.9104,0.9072,0.9136,0.912,0.912,0.9216,0.9088,0.9088,0.904,0.9008
47_dt,0.7984,0.8016,0.7984,0.8,0.8016,0.7984,0.8,0.792,0.7984,0.7984,0.9408,0.9408,0.9392,0.9392,0.9328,0.9376,0.9376,0.9216,0.936,0.9296,0.9824,0.9872,0.984,0.984,0.9888,0.9872,0.9872,0.984,0.9872,0.9888
47_knn,0.6976,0.7104,0.7088,0.7056,0.7088,0.704,0.704,0.7072,0.7104,0.7056,0.8336,0.8224,0.8112,0.8208,0.8208,0.8288,0.816,0.8192,0.8144,0.8192,0.8832,0.8944,0.888,0.888,0.8944,0.8944,0.8976,0.8816,0.8864,0.8944
47_nb,0.5984,0.5952,0.5968,0.5984,0.6,0.5968,0.5952,0.5936,0.5968,0.6,0.92,0.9216,0.9424,0.9312,0.9248,0.9392,0.9456,0.9312,0.9312,0.9424,0.952,0.9616,0.9552,0.9536,0.952,0.96,0.9488,0.9616,0.9536,0.9552
48_dt,0.7552,0.7584,0.7552,0.752,0.7568,0.7536,0.7568,0.752,0.752,0.752,0.8976,0.896,0.8928,0.8912,0.9136,0.8976,0.8912,0.896,0.8976,0.9136,0.9856,0.9872,0.984,0.9808,0.9872,0.9888,0.984,0.984,0.9888,0.9856
48_knn,0.7872,0.7888,0.7824,0.784,0.7856,0.7872,0.7888,0.7872,0.7888,0.792,0.776,0.76,0.7632,0.7872,0.7776,0.7648,0.776,0.7504,0.7568,0.7728,0.8592,0.8464,0.848,0.856,0.8736,0.8528,0.8448,0.848,0.8592,0.8528
48_nb,0.696,0.6896,0.688,0.6896,0.6912,0.688,0.6912,0.696,0.6864,0.6912,0.944,0.9232,0.928,0.9344,0.9312,0.9392,0.9312,0.9296,0.9312,0.9328,0.9456,0.9456,0.9536,0.9456,0.9472,0.9424,0.9408,0.9488,0.9408,0.9488
49_dt,0.6944,0.6944,0.6976,0.6976,0.7024,0.6896,0.6976,0.696,0.6976,0.6896,0.8624,0.8464,0.8576,0.848,0.8608,0.8576,0.8512,0.848,0.8592,0.8432,0.9904,0.9856,0.9904,0.9904,0.984,0.984,0.9872,0.984,0.984,0.9904
49_knn,0.6512,0.6432,0.6544,0.6528,0.648,0.656,0.6464,0.6464,0.656,0.6496,0.8048,0.7808,0.7792,0.8032,0.7936,0.8176,0.784,0.8064,0.7968,0.7984,0.9088,0.8944,0.904,0.8912,0.9072,0.9024,0.9024,0.9072,0.8912,0.8944
49_nb,0.4064,0.408,0.4112,0.4048,0.4032,0.408,0.4096,0.4016,0.408,0.4096,0.952,0.9488,0.9552,0.952,0.9392,0.9488,0.9424,0.9392,0.9376,0.952,0.9536,0.9584,0.9536,0.9584,0.9568,0.9616,0.9552,0.96,0.9536,0.9552
50_dt,0.68,0.6784,0.68,0.68,0.68,0.6784,0.6816,0.6784,0.6752,0.6832,0.8176,0.816,0.8192,0.8176,0.8032,0.8304,0.8128,0.8336,0.8112,0.8384,0.9632,0.9568,0.9664,0.9536,0.96,0.9648,0.968,0.96,0.9552,0.968
50_knn,0.6544,0.6496,0.6496,0.656,0.656,0.6528,0.6512,0.6608,0.6528,0.656,0.6544,0.6656,0.6528,0.6736,0.6736,0.6672,0.6752,0.6592,0.6832,0.6656,0.8272,0.8176,0.8096,0.8272,0.8064,0.8064,0.816,0.8064,0.8256,0.8256
50_nb,0.5104,0.5088,0.5104,0.5152,0.5088,0.5104,0.5072,0.512,0.5072,0.5152,0.9248,0.9216,0.9168,0.9264,0.9232,0.9152,0.9104,0.92,0.92,0.9136,0.9184,0.912,0.9136,0.9152,0.904,0.9056,0.9184,0.9024,0.9056,0.9168
51_dt,0.6832,0.6784,0.6816,0.68,0.6784,0.68,0.68,0.6752,0.6848,0.68,0.808,0.8288,0.8112,0.8112,0.8224,0.8096,0.824,0.8208,0.8032,0.8144,0.9664,0.9616,0.9568,0.9552,0.9568,0.96,0.9632,0.9648,0.9568,0.9616
51_knn,0.7808,0.7824,0.7856,0.7808,0.7744,0.784,0.784,0.7744,0.784,0.7744,0.7904,0.7936,0.7936,0.7888,0.8032,0.8064,0.7856,0.7904,0.7808,0.8,0.8608,0.8592,0.8512,0.8624,0.8656,0.8608,0.8624,0.8528,0.8512,0.8576
51_nb,0.8768,0.8768,0.8768,0.8752,0.8752,0.8768,0.8768,0.8752,0.8736,0.8736,0.9168,0.9136,0.9184,0.9248,0.9136,0.9088,0.912,0.9104,0.9136,0.9056,0.9216,0.9136,0.9264,0.9216,0.9152,0.9088,0.92,0.9136,0.912,0.9024
52_dt,0.52,0.5216,0.5232,0.5152,0.5232,0.5184,0.52,0.5264,0.5088,0.5248,0.7792,0.7824,0.7808,0.7664,0.7728,0.7616,0.7744,0.7648,0.7616,0.768,0.96,0.9552,0.96,0.9616,0.9536,0.9552,0.9568,0.9536,0.9616,0.9536
52_knn,0.3968,0.3968,0.3904,0.4032,0.3968,0.4,0.3984,0.4,0.3888,0.4016,0.896,0.8992,0.8992,0.904,0.8832,0.8992,0.8976,0.8912,0.9088,0.8976,0.896,0.8896,0.904,0.8944,0.8976,0.888,0.9024,0.8864,0.8896,0.8992
52_nb,0.424,0.4368,0.4208,0.4192,0.4272,0.4256,0.4368,0.424,0.4208,0.4288,0.8928,0.888,0.8928,0.904,0.9056,0.904,0.8864,0.9056,0.8928,0.8976,0.9024,0.9088,0.8976,0.88,0.8928,0.8912,0.8944,0.8944,0.8896,0.904
53_dt,0.7952,0.7968,0.7968,0.7952,0.7936,0.792,0.792,0.7952,0.7984,0.7952,0.8752,0.8704,0.8928,0.8752,0.8864,0.8752,0.8976,0.8832,0.8848,0.88,0.968,0.9616,0.9696,0.96,0.9648,0.9664,0.9648,0.9664,0.9632,0.9552
53_knn,0.7264,0.7264,0.7312,0.7248,0.7312,0.7296,0.7248,0.728,0.7248,0.7264,0.7792,0.7872,0.776,0.7856,0.7824,0.7984,0.7696,0.7744,0.7744,0.7664,0.8576,0.8624,0.8576,0.8816,0.864,0.872,0.8704,0.8752,0.8736,0.8656
53_nb,0.824,0.8256,0.8256,0.8304,0.8256,0.824,0.8272,0.8272,0.824,0.8288,0.9328,0.9296,0.9344,0.936,0.9392,0.9344,0.9344,0.936,0.9296,0.9312,0.912,0.9104,0.904,0.9232,0.9088,0.9168,0.9184,0.9088,0.9232,0.8928
54_dt,0.6336,0.6304,0.6304,0.6368,0.64,0.6352,0.632,0.6336,0.6352,0.6384,0.6912,0.6976,0.6976,0.6976,0.6912,0.68,0.6816,0.688,0.6752,0.664,0.9648,0.9728,0.968,0.9728,0.9792,0.9696,0.9648,0.9664,0.9712,0.976
54_knn,0.688,0.6912,0.6832,0.696,0.6848,0.6832,0.688,0.6944,0.696,0.6912,0.5728,0.552,0.5536,0.5696,0.5728,0.5712,0.5984,0.56,0.5632,0.5696,0.8944,0.8928,0.8832,0.8912,0.8864,0.8848,0.8864,0.8976,0.8928,0.896
54_nb,0.7664,0.7776,0.776,0.7744,0.7776,0.7776,0.7792,0.7744,0.7664,0.7744,0.8928,0.9008,0.8848,0.8768,0.8864,0.8816,0.8816,0.896,0.8928,0.8896,0.8736,0.8752,0.88,0.8864,0.896,0.8896,0.8688,0.896,0.8832,0.8848
55_dt,0.7056,0.704,0.7056,0.704,0.704,0.704,0.7008,0.7056,0.7072,0.7104,0.8368,0.8256,0.8288,0.8224,0.8352,0.824,0.8384,0.856,0.848,0.824,0.9904,0.9888,0.9888,0.9808,0.9904,0.9888,0.9776,0.9888,0.992,0.9856
55_knn,0.7664,0.7728,0.7728,0.7728,0.7728,0.7712,0.7696,0.7712,0.7728,0.7696,0.8608,0.8592,0.8544,0.8592,0.8688,0.8656,0.88,0.8736,0.8576,0.864,0.904,0.9056,0.8944,0.8928,0.8944,0.8848,0.8896,0.9056,0.8832,0.904
55_nb,0.7488,0.7536,0.7488,0.7472,0.7504,0.7504,0.7472,0.7504,0.7488,0.7456,0.8848,0.8864,0.8672,0.8864,0.8832,0.888,0.8704,0.872,0.872,0.8944,0.8816,0.8752,0.88,0.872,0.8848,0.8832,0.8784,0.88,0.8912,0.88
56_dt,0.7872,0.7904,0.792,0.7856,0.7872,0.7888,0.7872,0.7872,0.7888,0.7904,0.8608,0.8672,0.8624,0.8752,0.8544,0.8528,0.8624,0.856,0.8768,0.8752,0.9552,0.9568,0.9536,0.9632,0.9536,0.9648,0.9504,0.9552,0.9616,0.9632
56_knn,0.6576,0.656,0.6608,0.6544,0.6576,0.648,0.6464,0.6528,0.6544,0.6464,0.6896,0.6832,0.6928,0.6544,0.6832,0.68,0.6784,0.6832,0.6928,0.672,0.8448,0.8416,0.84,0.8288,0.8336,0.8336,0.856,0.832,0.8352,0.8416
56_nb,0.752,0.7568,0.752,0.7552,0.7568,0.7552,0.7504,0.7568,0.752,0.7552,0.8672,0.8832,0.864,0.8816,0.8768,0.8704,0.8752,0.8736,0.8816,0.8672,0.8928,0.8864,0.8944,0.8976,0.888,0.9024,0.9008,0.8784,0.8928,0.8976
57_dt,0.6768,0.68,0.6848,0.6816,0.6752,0.688,0.6816,0.68,0.6848,0.6816,0.864,0.8608,0.864,0.8608,0.864,0.856,0.8608,0.8656,0.8592,0.8624,0.9504,0.9552,0.9472,0.9536,0.9568,0.9488,0.9552,0.9552,0.9664,0.944
57_knn,0.7632,0.7664,0.768,0.7664,0.7632,0.7616,0.768,0.7664,0.76,0.7632,0.9152,0.9216,0.9088,0.9104,0.9168,0.9104,0.9072,0.9072,0.9232,0.9168,0.912,0.9056,0.9136,0.9088,0.912,0.9088,0.9008,0.9104,0.896,0.9024
57_nb,0.512,0.512,0.5104,0.5152,0.5184,0.5136,0.5136,0.5136,0.5168,0.5136,0.9184,0.9152,0.92,0.9216,0.9088,0.9248,0.92,0.9152,0.92,0.92,0.92,0.9152,0.9072,0.9136,0.904,0.9056,0.9024,0.92,0.9072,0.9184
58_dt,0.6368,0.6336,0.64,0.6448,0.64,0.6432,0.6432,0.6368,0.6368,0.6432,0.8704,0.8752,0.872,0.8688,0.8592,0.8736,0.8592,0.8688,0.872,0.8752,0.9664,0.968,0.9712,0.9664,0.9648,0.9664,0.9648,0.9728,0.9648,0.9712
58_knn,0.6528,0.6512,0.6496,0.656,0.6528,0.6448,0.6464,0.6544,0.6528,0.6496,0.7376,0.7296,0.728,0.7248,0.7344,0.7328,0.7264,0.7248,0.7264,0.7376,0.856,0.8576,0.84,0.8512,0.8576,0.8656,0.8544,0.8672,0.8688,0.8672
58_nb,0.84,0.8368,0.832,0.8384,0.8384,0.8368,0.8384,0.8352,0.8352,0.8368,0.9008,0.9104,0.9104,0.904,0.9152,0.9008,0.9008,0.888,0.9168,0.9104,0.9088,0.9024,0.904,0.8976,0.896,0.9104,0.9008,0.8912,0.912,0.9072
59_dt,0.736,0.7344,0.7376,0.7344,0.7392,0.7296,0.7312,0.7328,0.7344,0.736,0.76,0.744,0.7392,0.76,0.7712,0.7472,0.7456,0.776,0.752,0.7712,0.968,0.9712,0.9584,0.9584,0.976,0.9728,0.9712,0.9536,0.968,0.9696
59_knn,0.6128,0.6144,0.6192,0.6176,0.616,0.6176,0.6144,0.6288,0.6256,0.6192,0.8128,0.8112,0.816,0.824,0.8064,0.816,0.8192,0.7968,0.8208,0.8224,0.872,0.8672,0.872,0.8544,0.8864,0.8672,0.8816,0.8704,0.8672,0.872
59_nb,0.8768,0.8784,0.8768,0.8752,0.88,0.8752,0.8768,0.8736,0.8752,0.8752,0.9024,0.8976,0.896,0.8944,0.8992,0.8992,0.9072,0.9008,0.8896,0.9024,0.8928,0.8784,0.8976,0.8848,0.8832,0.8944,0.896,0.8944,0.8912,0.8944
60_dt,0.6064,0.6064,0.608,0.6016,0.6144,0.608,0.5984,0.6176,0.6064,0.6176,0.6848,0.7152,0.6928,0.7184,0.7088,0.6928,0.6736,0.696,0.6944,0.6912,0.8688,0.8672,0.8512,0.8464,0.8512,0.8656,0.864,0.8608,0.8624,0.8688
60_knn,0.6112,0.6208,0.6288,0.6272,0.6224,0.616,0.616,0.6272,0.6144,0.6176,0.7104,0.7264,0.7024,0.7104,0.7152,0.7008,0.7216,0.7088,0.6896,0.7184,0.7184,0.7248,0.7072,0.7088,0.7392,0.7312,0.7184,0.712,0.7424,0.7264
60_nb,0.5856,0.5888,0.5872,0.5856,0.5888,0.576,0.584,0.584,0.5808,0.592,0.8256,0.8384,0.8304,0.8288,0.8224,0.8208,0.8384,0.84,0.8368,0.8336,0.8208,0.8256,0.8144,0.8048,0.8112,0.8176,0.8144,0.824,0.8272,0.8352
61_dt,0.6608,0.6496,0.6624,0.6576,0.6512,0.6608,0.6528,0.6576,0.6656,0.6576,0.648,0.6544,0.6416,0.632,0.6496,0.648,0.6368,0.6384,0.648,0.6592,0.9472,0.9488,0.9264,0.9488,0.9408,0.9296,0.936,0.928,0.944,0.9456
61_knn,0.728,0.7264,0.7248,0.728,0.7264,0.7264,0.7184,0.7264,0.7264,0.728,0.6256,0.6128,0.6496,0.6464,0.6208,0.6304,0.6304,0.6384,0.6336,0.6336,0.7936,0.8192,0.784,0.7984,0.7856,0.8048,0.8,0.7936,0.8032,0.7824
61_nb,0.856,0.8576,0.8576,0.856,0.8624,0.8592,0.8592,0.856,0.8576,0.8576,0.9024,0.9008,0.904,0.8976,0.9056,0.904,0.9088,0.9008,0.9056,0.9072,0.848,0.8416,0.8608,0.848,0.8432,0.8624,0.8496,0.864,0.8512,0.8464
62_dt,0.6864,0.6832,0.6848,0.6816,0.672,0.6784,0.6752,0.6832,0.6704,0.68,0.7536,0.7552,0.7696,0.7696,0.7504,0.776,0.7408,0.7552,0.752,0.7568,0.9168,0.9168,0.928,0.9216,0.904,0.9216,0.9232,0.9264,0.9152,0.9328
62_knn,0.6128,0.6112,0.6112,0.6128,0.6144,0.6096,0.6208,0.616,0.6176,0.616,0.7072,0.7216,0.7056,0.7216,0.7072,0.7088,0.7072,0.736,0.7056,0.7136,0.7792,0.76,0.7776,0.7792,0.7936,0.7664,0.784,0.8048,0.7696,0.7648
62_nb,0.688,0.6944,0.696,0.696,0.688,0.6928,0.6912,0.6944,0.6944,0.6944,0.8848,0.864,0.8784,0.872,0.8816,0.872,0.8784,0.8736,0.88,0.8688,0.84,0.8272,0.8288,0.8336,0.8272,0.848,0.8288,0.832,0.84,0.84
63_dt,0.5568,0.5552,0.552,0.5552,0.5536,0.5584,0.5568,0.552,0.5584,0.5504,0.664,0.6672,0.656,0.664,0.6912,0.6592,0.6656,0.6432,0.6608,0.6432,0.8768,0.8848,0.8912,0.8896,0.904,0.896,0.8848,0.8768,0.8864,0.9008
63_knn,0.632,0.624,0.6256,0.624,0.6272,0.632,0.624,0.6272,0.6272,0.6256,0.7264,0.7328,0.7232,0.704,0.7104,0.7136,0.72,0.72,0.7232,0.7216,0.7472,0.7616,0.7456,0.7696,0.7568,0.7568,0.7632,0.7584,0.7456,0.7536
63_nb,0.5744,0.5776,0.5744,0.5696,0.5696,0.568,0.5712,0.5712,0.5648,0.5744,0.8496,0.8512,0.8432,0.84,0.8448,0.8448,0.8384,0.8416,0.8608,0.8608,0.824,0.8208,0.8144,0.8144,0.8048,0.8208,0.8144,0.8112,0.824,0.8048
64_dt,0.5408,0.5536,0.5552,0.5392,0.5488,0.5472,0.5632,0.5552,0.552,0.5552,0.6656,0.6864,0.6784,0.6656,0.6656,0.6736,0.6688,0.6928,0.6896,0.6768,0.9312,0.9248,0.9136,0.904,0.928,0.92,0.9328,0.928,0.9296,0.9344
64_knn,0.6736,0.6704,0.672,0.6752,0.672,0.6768,0.6672,0.6736,0.6784,0.672,0.6656,0.6608,0.6944,0.6784,0.6608,0.6768,0.6688,0.6784,0.664,0.6784,0.7872,0.7616,0.776,0.7824,0.7824,0.7744,0.7664,0.7888,0.7712,0.776
64_nb,0.6272,0.624,0.632,0.6288,0.6304,0.632,0.6176,0.6368,0.6336,0.6304,0.8624,0.8592,0.848,0.8592,0.8512,0.8656,0.8512,0.848,0.8496,0.8736,0.8304,0.8112,0.8176,0.8048,0.824,0.8016,0.8064,0.8128,0.8032,0.7952
65_dt,0.5968,0.6048,0.6032,0.6,0.6032,0.6016,0.5984,0.5984,0.5952,0.6032,0.6688,0.6672,0.6752,0.6784,0.6928,0.6864,0.664,0.6736,0.6832,0.6592,0.9312,0.912,0.92,0.9184,0.9408,0.9408,0.9248,0.9312,0.9312,0.9376
65_knn,0.64,0.648,0.6416,0.6368,0.6416,0.6448,0.6368,0.6496,0.6416,0.6416,0.6048,0.5888,0.6064,0.6,0.5728,0.5952,0.5808,0.608,0.576,0.6016,0.7696,0.7616,0.7632,0.7616,0.7424,0.7424,0.7456,0.7712,0.7552,0.7808
65_nb,0.5312,0.5312,0.5328,0.5344,0.5328,0.5392,0.5344,0.5424,0.5376,0.5376,0.8544,0.848,0.856,0.8512,0.8592,0.8656,0.8576,0.8432,0.848,0.8576,0.8176,0.824,0.8096,0.8208,0.832,0.8128,0.832,0.8336,0.8272,0.8336
66_dt,0.6368,0.6208,0.6304,0.624,0.6304,0.6256,0.6384,0.632,0.6304,0.6432,0.7872,0.776,0.7584,0.7664,0.7744,0.7696,0.7824,0.7584,0.7568,0.7728,0.904,0.904,0.8976,0.9264,0.9056,0.904,0.9136,0.92,0.9152,0.9152
66_knn,0.5504,0.5648,0.5632,0.5712,0.5632,0.5568,0.5632,0.5712,0.5696,0.5584,0.6704,0.6896,0.664,0.6752,0.6784,0.664,0.672,0.6736,0.6608,0.6624,0.7312,0.7312,0.7552,0.7328,0.7424,0.7232,0.7504,0.7392,0.728,0.7296
66_nb,0.3088,0.304,0.3008,0.2992,0.3104,0.3024,0.3024,0.2976,0.304,0.3072,0.8304,0.832,0.8352,0.832,0.8416,0.8416,0.8256,0.84,0.848,0.8368,0.8384,0.8224,0.8096,0.8224,0.8192,0.8176,0.8128,0.8224,0.8048,0.8128
67_dt,0.632,0.6288,0.6336,0.6368,0.6336,0.6288,0.6336,0.6432,0.6384,0.632,0.6608,0.664,0.6512,0.6368,0.672,0.6416,0.6496,0.6624,0.6704,0.6624,0.8896,0.9056,0.9088,0.9088,0.9024,0.8896,0.9056,0.8992,0.8992,0.9024
67_knn,0.6464,0.6448,0.6336,0.6464,0.6336,0.6448,0.6448,0.64,0.6368,0.6432,0.7808,0.76,0.7648,0.7632,0.7456,0.776,0.7712,0.7536,0.7696,0.752,0.7984,0.7856,0.776,0.7664,0.7712,0.784,0.7712,0.7696,0.7632,0.7776
67_nb,0.848,0.8464,0.8464,0.8432,0.8464,0.848,0.8464,0.8496,0.8496,0.848,0.848,0.8608,0.856,0.8528,0.8368,0.8608,0.8496,0.8384,0.8448,0.84,0.8064,0.816,0.8048,0.8272,0.8048,0.808,0.7984,0.8368,0.8096,0.8224
68_dt,0.5424,0.544,0.552,0.5392,0.5392,0.552,0.5456,0.536,0.5472,0.5488,0.64,0.6288,0.6144,0.64,0.6608,0.664,0.632,0.656,0.6576,0.656,0.9248,0.912,0.9168,0.9184,0.9184,0.9216,0.912,0.9152,0.928,0.9088
68_knn,0.72,0.728,0.7264,0.7216,0.7264,0.7264,0.7248,0.7184,0.7296,0.7152,0.7936,0.7952,0.7984,0.7984,0.7776,0.7968,0.8032,0.792,0.792,0.7968,0.7552,0.7616,0.7504,0.7568,0.7728,0.7728,0.7632,0.7584,0.7472,0.7504
68_nb,0.7888,0.7808,0.784,0.784,0.7856,0.7872,0.7872,0.7872,0.7792,0.7808,0.864,0.8592,0.8544,0.864,0.8672,0.8528,0.8752,0.8576,0.856,0.8704,0.832,0.8384,0.816,0.8384,0.8416,0.8208,0.8016,0.8304,0.8416,0.832
69_dt,0.6032,0.6,0.6096,0.6064,0.6,0.6064,0.6128,0.5936,0.5936,0.616,0.7072,0.7056,0.7024,0.7072,0.6976,0.7104,0.7008,0.7184,0.7024,0.7152,0.8896,0.8928,0.8896,0.8896,0.896,0.8784,0.8928,0.9024,0.8976,0.9008
69_knn,0.5568,0.5552,0.552,0.5632,0.5568,0.5616,0.5584,0.56,0.5616,0.5568,0.8416,0.8384,0.8368,0.848,0.8464,0.8512,0.8528,0.8544,0.856,0.864,0.8352,0.8352,0.824,0.8192,0.8448,0.8112,0.8192,0.816,0.832,0.8256
69_nb,0.7728,0.7712,0.7696,0.7664,0.7664,0.7712,0.7632,0.7728,0.7696,0.7712,0.8976,0.896,0.8976,0.9024,0.9008,0.8992,0.8992,0.896,0.896,0.8976,0.8384,0.8544,0.8448,0.8368,0.8448,0.8496,0.8368,0.8352,0.832,0.848
70_dt,0.5664,0.5472,0.5568,0.5392,0.56,0.5536,0.5648,0.5616,0.5488,0.56,0.5696,0.5792,0.5728,0.5952,0.584,0.5648,0.584,0.5664,0.5872,0.5664,0.8416,0.8144,0.8224,0.8208,0.8288,0.7984,0.8336,0.8272,0.8192,0.8064
70_knn,0.6304,0.6304,0.6368,0.6416,0.6272,0.6352,0.6368,0.6384,0.64,0.624,0.616,0.6128,0.6224,0.6192,0.5936,0.5968,0.6272,0.6112,0.6032,0.6064,0.6704,0.6944,0.6912,0.6944,0.6624,0.6944,0.712,0.688,0.6672,0.6864
70_nb,0.6816,0.6848,0.6784,0.6784,0.6784,0.6784,0.6832,0.6816,0.6752,0.688,0.752,0.7392,0.7504,0.7568,0.752,0.7472,0.744,0.7632,0.7632,0.7584,0.6864,0.6704,0.6672,0.7136,0.672,0.6848,0.6992,0.6912,0.6752,0.6944
71_dt,0.5344,0.5296,0.5232,0.5216,0.5216,0.5264,0.528,0.5184,0.5328,0.5328,0.5984,0.5808,0.5664,0.5824,0.5936,0.5744,0.5936,0.592,0.608,0.5968,0.7872,0.776,0.76,0.7728,0.7792,0.7984,0.7728,0.7744,0.7744,0.76
71_knn,0.68,0.6752,0.6752,0.68,0.6864,0.6816,0.6832,0.6816,0.6768,0.6768,0.7392,0.7552,0.76,0.7472,0.7504,0.7536,0.7408,0.7616,0.7568,0.7568,0.6784,0.696,0.6752,0.6688,0.6944,0.6848,0.6704,0.6768,0.696,0.6736
71_nb,0.7168,0.7088,0.72,0.7136,0.7184,0.7152,0.7136,0.7136,0.72,0.7152,0.7552,0.7584,0.76,0.7616,0.7648,0.7792,0.7584,0.7712,0.7632,0.7648,0.6592,0.68,0.6816,0.6736,0.6736,0.712,0.6928,0.6816,0.696,0.6928
72_dt,0.544,0.544,0.5584,0.5472,0.5456,0.5472,0.5504,0.5408,0.5504,0.5552,0.6528,0.6144,0.608,0.6128,0.6384,0.648,0.6304,0.6304,0.64,0.6448,0.7792,0.7648,0.776,0.776,0.7808,0.744,0.7808,0.76,0.752,0.776
72_knn,0.4192,0.4272,0.432,0.4272,0.4272,0.4128,0.4272,0.4256,0.4128,0.4256,0.7104,0.7152,0.7216,0.7296,0.7216,0.7136,0.7152,0.7296,0.7168,0.7232,0.6912,0.6864,0.7072,0.6736,0.6752,0.6928,0.6832,0.6928,0.696,0.6832
72_nb,0.1744,0.1712,0.1728,0.1712,0.1728,0.168,0.1808,0.1792,0.1744,0.1744,0.8288,0.8256,0.8272,0.8224,0.8256,0.824,0.8272,0.8256,0.8288,0.8224,0.7136,0.7136,0.736,0.7024,0.704,0.7456,0.7184,0.7216,0.7168,0.728
73_dt,0.5584,0.56,0.5664,0.56,0.5664,0.56,0.568,0.5648,0.568,0.5584,0.5552,0.544,0.5648,0.5584,0.584,0.5488,0.5664,0.5408,0.5376,0.5536,0.776,0.7856,0.7792,0.7888,0.7904,0.768,0.7792,0.7552,0.7888,0.7792
73_knn,0.5872,0.5808,0.5824,0.5904,0.5968,0.5968,0.584,0.5952,0.5888,0.592,0.6656,0.656,0.6576,0.656,0.6656,0.6656,0.6688,0.6496,0.6672,0.6688,0.64,0.6224,0.6496,0.6208,0.632,0.6224,0.6432,0.6384,0.6512,0.6528
73_nb,0.7248,0.7232,0.728,0.72,0.7232,0.7248,0.7248,0.7248,0.7232,0.7296,0.7776,0.7792,0.7824,0.7808,0.7776,0.7664,0.7808,0.7824,0.7808,0.7824,0.6816,0.6784,0.672,0.6784,0.6928,0.704,0.688,0.672,0.6608,0.6704
74_dt,0.5536,0.5568,0.5696,0.5632,0.552,0.5472,0.5584,0.5552,0.5488,0.552,0.5904,0.5936,0.6032,0.5872,0.5536,0.6016,0.5808,0.6288,0.5984,0.592,0.7936,0.8128,0.7728,0.7952,0.8064,0.8032,0.8176,0.776,0.8,0.808
74_knn,0.6224,0.624,0.6272,0.6208,0.624,0.632,0.6192,0.6176,0.6224,0.6176,0.6928,0.6944,0.6672,0.6944,0.6816,0.7008,0.6816,0.6816,0.6832,0.6816,0.6848,0.6736,0.6944,0.6464,0.68,0.6656,0.6752,0.664,0.6608,0.6688
74_nb,0.7328,0.7344,0.7328,0.7248,0.7344,0.728,0.7328,0.7312,0.728,0.7296,0.7888,0.7904,0.7824,0.776,0.768,0.7824,0.7776,0.7824,0.7824,0.7872,0.7072,0.6992,0.7088,0.6992,0.6864,0.72,0.7136,0.6848,0.6848,0.6928
75_dt,0.5456,0.5472,0.544,0.5408,0.5568,0.5536,0.5488,0.536,0.5616,0.552,0.5648,0.5552,0.552,0.5488,0.5728,0.5664,0.5424,0.5696,0.56,0.5648,0.7696,0.8256,0.7936,0.7936,0.816,0.8048,0.7888,0.7856,0.768,0.792
75_knn,0.5376,0.5472,0.5456,0.5392,0.5472,0.5456,0.5488,0.5472,0.5344,0.5472,0.6752,0.696,0.6688,0.688,0.6864,0.6896,0.6992,0.6816,0.696,0.6976,0.6832,0.6848,0.6608,0.6528,0.6368,0.6752,0.6752,0.6768,0.672,0.6544
75_nb,0.7088,0.7152,0.7056,0.7104,0.7088,0.712,0.7008,0.7056,0.7056,0.7072,0.7424,0.7712,0.76,0.7504,0.76,0.7632,0.744,0.752,0.752,0.7552,0.672,0.7024,0.6608,0.6816,0.688,0.6928,0.6912,0.6672,0.696,0.6752
76_dt,0.488,0.4848,0.4912,0.472,0.4896,0.496,0.4816,0.4816,0.4672,0.464,0.6368,0.6336,0.5968,0.6016,0.6336,0.5776,0.6112,0.6048,0.6256,0.6256,0.8192,0.808,0.7936,0.816,0.8,0.8016,0.8128,0.8064,0.8016,0.7808
76_knn,0.6352,0.632,0.64,0.6352,0.6384,0.64,0.6384,0.6384,0.6416,0.6464,0.6496,0.6448,0.6224,0.6256,0.616,0.6208,0.6176,0.64,0.6256,0.6176,0.6432,0.6464,0.648,0.6608,0.664,0.664,0.6704,0.6624,0.6496,0.6432
76_nb,0.6848,0.6896,0.6976,0.6944,0.696,0.6976,0.6928,0.6928,0.6928,0.6928,0.7536,0.7664,0.7552,0.7456,0.7664,0.76,0.7552,0.76,0.7392,0.7664,0.6928,0.7136,0.7056,0.7024,0.6816,0.6976,0.7232,0.7264,0.7056,0.7152
77_dt,0.52,0.5072,0.4944,0.5312,0.5104,0.4864,0.5088,0.5216,0.5104,0.52,0.5456,0.5632,0.5264,0.5392,0.5376,0.5664,0.5328,0.5376,0.5664,0.5216,0.7872,0.7744,0.7696,0.7824,0.7488,0.7808,0.7696,0.7696,0.7552,0.7472
77_knn,0.5648,0.5712,0.5648,0.568,0.5744,0.576,0.568,0.5568,0.5696,0.5696,0.6016,0.632,0.6208,0.6112,0.624,0.6096,0.6128,0.6208,0.616,0.608,0.656,0.6144,0.6416,0.6336,0.6576,0.6464,0.6416,0.6448,0.6528,0.6464
77_nb,0.7088,0.7072,0.7152,0.712,0.7088,0.7088,0.7088,0.7088,0.7104,0.7056,0.752,0.7488,0.752,0.7456,0.7568,0.7648,0.7456,0.7424,0.7472,0.7536,0.656,0.6656,0.6512,0.6416,0.6416,0.6624,0.6464,0.6608,0.6656,0.6624
78_dt,0.5728,0.5728,0.5632,0.5632,0.5664,0.5728,0.5664,0.5664,0.5744,0.5664,0.5968,0.5952,0.5712,0.5776,0.5648,0.584,0.5824,0.5728,0.5904,0.5904,0.8064,0.8192,0.8,0.8176,0.8112,0.8112,0.8096,0.8048,0.8288,0.7888
78_knn,0.6928,0.6896,0.6928,0.6976,0.6912,0.6928,0.6896,0.696,0.6928,0.6928,0.72,0.7072,0.7344,0.7344,0.7248,0.7312,0.728,0.7152,0.7152,0.7072,0.7056,0.68,0.6944,0.7072,0.712,0.7072,0.688,0.7056,0.688,0.7024
78_nb,0.7728,0.7712,0.7744,0.7712,0.7664,0.7696,0.768,0.7712,0.7744,0.7744,0.8032,0.8096,0.8032,0.7968,0.808,0.8064,0.8048,0.8096,0.8,0.8096,0.6912,0.6928,0.7024,0.6976,0.7168,0.7008,0.7104,0.6992,0.7264,0.6944
79_dt,0.5584,0.5536,0.5648,0.5712,0.5616,0.5616,0.568,0.5568,0.56,0.5632,0.5632,0.5552,0.5728,0.5616,0.5792,0.5408,0.5664,0.5808,0.5616,0.5648,0.832,0.8016,0.7888,0.8032,0.7936,0.8208,0.7872,0.7904,0.8,0.8144
79_knn,0.5232,0.5008,0.52,0.5296,0.5248,0.5152,0.5152,0.5296,0.504,0.5264,0.6368,0.6384,0.6368,0.6144,0.624,0.6368,0.632,0.6176,0.6384,0.6224,0.6928,0.6816,0.7024,0.7072,0.7008,0.6944,0.696,0.6864,0.6944,0.6992
79_nb,0.2768,0.272,0.2752,0.2736,0.2704,0.272,0.2672,0.2944,0.2864,0.2656,0.8192,0.8112,0.8192,0.816,0.8128,0.8112,0.8128,0.8176,0.8208,0.8224,0.7264,0.7008,0.68,0.7104,0.7104,0.6672,0.696,0.7056,0.6976,0.7232
80_dt,0.5264,0.5312,0.5296,0.5328,0.5472,0.5088,0.544,0.5344,0.5136,0.5376,0.5184,0.5088,0.488,0.4992,0.5088,0.4928,0.4928,0.5408,0.4832,0.4912,0.5344,0.5648,0.576,0.5712,0.5472,0.56,0.5584,0.5824,0.5488,0.5776
80_knn,0.552,0.5568,0.552,0.5648,0.5584,0.552,0.56,0.5456,0.5568,0.552,0.5264,0.5184,0.5072,0.5296,0.5168,0.4736,0.5088,0.5184,0.4832,0.5056,0.5264,0.5136,0.5504,0.5456,0.5328,0.5152,0.5312,0.544,0.5504,0.5136
80_nb,0.6064,0.5952,0.5968,0.5904,0.6,0.592,0.5952,0.6032,0.6016,0.592,0.5424,0.5376,0.5376,0.5488,0.5376,0.5248,0.528,0.5136,0.5136,0.5456,0.4848,0.4832,0.5104,0.5024,0.488,0.504,0.4832,0.48,0.5152,0.4704
81_dt,0.5408,0.5376,0.5472,0.5168,0.5248,0.5408,0.5248,0.5328,0.5376,0.5456,0.5136,0.4816,0.512,0.5136,0.5152,0.5344,0.5024,0.4976,0.5184,0.5296,0.5424,0.5664,0.5904,0.5472,0.576,0.552,0.5472,0.5632,0.5728,0.5728
81_knn,0.5696,0.5696,0.576,0.5712,0.576,0.5728,0.5664,0.576,0.5776,0.5696,0.5312,0.5328,0.5184,0.5264,0.5328,0.552,0.5536,0.5408,0.5152,0.5072,0.5216,0.512,0.504,0.5104,0.5152,0.5136,0.528,0.5344,0.5104,0.5104
81_nb,0.5712,0.568,0.5696,0.5728,0.5728,0.5792,0.5728,0.5744,0.5728,0.5712,0.5552,0.56,0.544,0.5328,0.56,0.5376,0.5616,0.5296,0.5344,0.5712,0.4896,0.5168,0.5104,0.512,0.5424,0.5056,0.5072,0.5088,0.4992,0.512
82_dt,0.5312,0.5376,0.5248,0.5456,0.544,0.5264,0.5504,0.536,0.5392,0.5392,0.5536,0.512,0.5456,0.5152,0.5376,0.5376,0.5472,0.528,0.5216,0.5328,0.5776,0.568,0.5872,0.584,0.5632,0.5728,0.5648,0.6048,0.5568,0.5872
82_knn,0.568,0.568,0.5744,0.5568,0.5648,0.5616,0.5536,0.5648,0.5552,0.5696,0.5408,0.52,0.4944,0.5184,0.5168,0.52,0.5488,0.5392,0.5568,0.5344,0.5152,0.5344,0.5008,0.5504,0.512,0.5088,0.5232,0.552,0.5184,0.5152
82_nb,0.5984,0.5984,0.5984,0.6064,0.6064,0.6112,0.6016,0.6112,0.6048,0.6048,0.5712,0.5808,0.5936,0.5904,0.5712,0.552,0.5616,0.5904,0.6064,0.5904,0.5408,0.5392,0.5312,0.5392,0.5472,0.5456,0.5552,0.584,0.5168,0.5344
83_dt,0.544,0.536,0.5424,0.5376,0.5408,0.5344,0.544,0.5472,0.5344,0.5456,0.5216,0.5328,0.5264,0.5408,0.5312,0.536,0.5328,0.5216,0.5216,0.5408,0.568,0.5872,0.568,0.584,0.5696,0.576,0.5616,0.6016,0.5888,0.5664
83_knn,0.5552,0.5424,0.5504,0.5552,0.5488,0.5392,0.5328,0.536,0.544,0.552,0.5392,0.5056,0.5296,0.4944,0.5088,0.496,0.5296,0.528,0.5232,0.5088,0.5344,0.6,0.5536,0.5504,0.5728,0.552,0.5552,0.5392,0.56,0.5536
83_nb,0.576,0.5728,0.584,0.5728,0.5824,0.5824,0.5776,0.5648,0.5888,0.5856,0.5568,0.5328,0.5488,0.536,0.5696,0.5472,0.5664,0.5392,0.5552,0.5584,0.5232,0.512,0.5312,0.5216,0.5136,0.5152,0.5296,0.552,0.5344,0.5056
84_dt,0.536,0.5472,0.5088,0.5136,0.544,0.5296,0.504,0.5344,0.5248,0.5344,0.52,0.5024,0.5024,0.5184,0.5024,0.5056,0.4912,0.5104,0.496,0.5168,0.6,0.6048,0.5856,0.5744,0.5824,0.6048,0.576,0.6048,0.5872,0.5648
84_knn,0.5232,0.5504,0.5424,0.5536,0.5232,0.5424,0.5536,0.5312,0.5632,0.5424,0.5152,0.496,0.5136,0.5392,0.528,0.4976,0.4896,0.5072,0.5008,0.5152,0.5408,0.5344,0.5264,0.5376,0.5232,0.5344,0.544,0.5488,0.5456,0.5408
84_nb,0.584,0.576,0.5776,0.5744,0.5728,0.576,0.5744,0.5696,0.5776,0.5856,0.5776,0.5728,0.5712,0.5472,0.5536,0.5744,0.5776,0.5632,0.5584,0.5552,0.5136,0.552,0.5344,0.5376,0.5488,0.5504,0.5328,0.5408,0.5456,0.528
85_dt,0.5504,0.5632,0.5568,0.56,0.5616,0.5584,0.5648,0.552,0.5584,0.5584,0.5328,0.56,0.5376,0.5408,0.5696,0.5136,0.5312,0.5536,0.5552,0.536,0.5904,0.5968,0.5936,0.5776,0.5792,0.5984,0.5616,0.592,0.5872,0.5616
85_knn,0.6048,0.5952,0.6,0.6016,0.6,0.6048,0.6048,0.5984,0.5936,0.6032,0.5776,0.5904,0.5824,0.5952,0.5936,0.5888,0.592,0.5904,0.5952,0.6128,0.5424,0.5616,0.568,0.552,0.56,0.5696,0.5504,0.552,0.5488,0.5552
85_nb,0.6272,0.6288,0.6288,0.6256,0.6304,0.6336,0.6368,0.6272,0.6384,0.6288,0.5744,0.6064,0.6096,0.5808,0.5968,0.5904,0.5936,0.592,0.6016,0.5824,0.5664,0.5504,0.5488,0.568,0.5328,0.5776,0.5472,0.5456,0.568,0.5216
86_dt,0.5152,0.5024,0.488,0.52,0.5072,0.5072,0.5248,0.5008,0.512,0.512,0.5424,0.5152,0.5824,0.5296,0.544,0.5472,0.5392,0.544,0.5376,0.5504,0.5808,0.5552,0.6064,0.5984,0.5968,0.5632,0.5552,0.5984,0.5904,0.5808
86_knn,0.5376,0.5408,0.5408,0.5488,0.5408,0.5536,0.5392,0.552,0.5376,0.5376,0.5536,0.5584,0.5328,0.5616,0.5632,0.5424,0.5568,0.5648,0.56,0.552,0.5104,0.5408,0.5184,0.5216,0.52,0.5344,0.5328,0.5232,0.5232,0.5376
86_nb,0.5728,0.5776,0.576,0.5824,0.5776,0.576,0.5792,0.576,0.5824,0.5776,0.5824,0.5808,0.5712,0.5904,0.5616,0.5728,0.568,0.568,0.5632,0.584,0.536,0.4944,0.5312,0.512,0.5328,0.5152,0.5296,0.5392,0.4976,0.5072
87_dt,0.504,0.5328,0.5248,0.5312,0.5104,0.5232,0.5344,0.544,0.5232,0.5152,0.5536,0.5168,0.5552,0.4992,0.5264,0.5152,0.5344,0.5168,0.5408,0.5312,0.5584,0.5952,0.5696,0.5632,0.5488,0.5648,0.5664,0.5744,0.5744,0.5792
87_knn,0.5104,0.5264,0.5248,0.5328,0.536,0.5344,0.5264,0.5376,0.5392,0.5424,0.544,0.5456,0.5376,0.5536,0.5168,0.5328,0.5504,0.5376,0.5456,0.5584,0.5296,0.5568,0.5232,0.5456,0.5392,0.504,0.5504,0.5296,0.5296,0.5248
87_nb,0.5264,0.544,0.5568,0.5472,0.5296,0.5344,0.5504,0.5536,0.5392,0.5568,0.5776,0.552,0.5568,0.5456,0.5904,0.5568,0.5728,0.5664,0.568,0.544,0.5424,0.5168,0.536,0.4992,0.5312,0.552,0.5376,0.5328,0.5328,0.536
88_dt,0.4704,0.48,0.4896,0.4992,0.48,0.4896,0.4992,0.4912,0.4736,0.472,0.5296,0.5248,0.5136,0.52,0.5136,0.4976,0.5232,0.5152,0.5168,0.5408,0.6032,0.6224,0.6064,0.6304,0.5984,0.5888,0.5888,0.5776,0.6016,0.5856
88_knn,0.5216,0.5408,0.5424,0.544,0.528,0.5296,0.5296,0.5344,0.5264,0.5376,0.5248,0.536,0.5232,0.528,0.5152,0.5184,0.5216,0.5392,0.5248,0.5264,0.568,0.5696,0.544,0.5424,0.5456,0.5664,0.576,0.5424,0.5952,0.5648
88_nb,0.584,0.584,0.5632,0.5712,0.5904,0.5808,0.5808,0.5824,0.5888,0.5808,0.552,0.5424,0.5552,0.5392,0.5472,0.5456,0.552,0.52,0.5232,0.5568,0.5648,0.5136,0.5344,0.5008,0.5232,0.52,0.5216,0.512,0.5264,0.536
89_dt,0.5088,0.5296,0.5136,0.5312,0.5344,0.5104,0.536,0.5232,0.5184,0.5104,0.5072,0.5328,0.512,0.5008,0.5072,0.5056,0.52,0.512,0.5104,0.536,0.576,0.5856,0.576,0.5552,0.5696,0.5408,0.576,0.5616,0.5536,0.5408
89_knn,0.544,0.536,0.5376,0.5312,0.5376,0.5456,0.5376,0.5472,0.5456,0.5488,0.5472,0.5136,0.5504,0.5584,0.5296,0.5504,0.5456,0.5216,0.5232,0.512,0.5744,0.5152,0.5536,0.5744,0.5648,0.568,0.568,0.5568,0.5488,0.5408
89_nb,0.6144,0.6192,0.6208,0.6208,0.6176,0.6096,0.6096,0.6176,0.616,0.616,0.56,0.5472,0.5552,0.5456,0.5472,0.5376,0.5584,0.52,0.5424,0.5472,0.5552,0.5344,0.5056,0.5152,0.5184,0.5216,0.5328,0.5008,0.52,0.5232
