#dataset,ClassEnt, AttrEntMin, AttrEntMean, AttrEntMax, JointEnt, MutInfoMin, MutInfoMean, MutInfoMax, EquiAttr,NoiseRatio, StandardDevMin, StandardDevMean, StandardDevMax, SkewnessMin, SkewnessMean, SkewnessMax,KurtosisMin, KurtosisMean, KurtosisMax, treewidth, treeheight, NoNode, NoLeave, maxLevel, meanLevel, devLevel,ShortBranch, meanBranch, devBranch, maxAtt, minAtt, meanAtt, devAtt
0_dt,0.998845536,0.354541415,0.354541415,0.354541415,3.792301457,0,0.499422768,0.998845536,2,5.593369186,0,0.173333333,0.5,-7.96E-15,1.98E-16,7.96E-15,-3,-2.04,-2,3,1,3,2,2,2,0,1,1,0,1,0,0.5,0.5
0_knn,0.998845536,0.354541415,0.354541415,0.354541415,3.792301457,0,0.499422768,0.998845536,2,5.593369186,0,0.173333333,0.5,-7.96E-15,1.98E-16,7.96E-15,-3,-2.04,-2,3,1,3,2,2,2,0,1,1,0,1,0,0.5,0.5
0_nb,0.998845536,0.354541415,0.354541415,0.354541415,3.792301457,0,0.499422768,0.998845536,2,5.593369186,0,0.173333333,0.5,-7.96E-15,1.98E-16,7.96E-15,-3,-2.04,-2,3,1,3,2,2,2,0,1,1,0,1,0,0.5,0.5
10_dt,0.998845536,0.354541415,0.354541415,0.354541415,3.792301457,0,0.499422768,0.998845536,2,5.593369186,0,0.173333333,0.5,-7.96E-15,1.98E-16,7.96E-15,-3,-2.04,-2,3,1,3,2,2,2,0,1,1,0,1,0,0.5,0.5
10_knn,0.999998153,0.354541415,0.354541415,0.354541415,3.830421604,0.001029471,0.462455239,0.923881007,2.162367445,6.120426828,0,0.173333333,0.5,-7.96E-15,1.98E-16,7.96E-15,-3,-2.04,-2,4,3,7,4,2,2,0,1,2.25,0.829156198,2,1,1.5,0.5
10_nb,0.017166804,0.354541415,0.354541415,0.354541415,3.304665793,0.00490784,0.0053797,0.005851561,3.191033537,611.0933276,0,0.173333333,0.5,-7.96E-15,1.98E-16,7.96E-15,-3,-2.04,-2,4,4,9,5,2,2,0,1,2.8,1.166190379,2,2,2,0
11_dt,0.017166804,0.354541415,0.354541415,0.354541415,3.304665793,0.00490784,0.0053797,0.005851561,3.191033537,611.0933276,0,0.173333333,0.5,-7.96E-15,1.98E-16,7.96E-15,-3,-2.04,-2,4,4,9,5,2,2,0,1,2.8,1.166190379,2,2,2,0
11_knn,0.017166804,0.354541415,0.354541415,0.354541415,3.304665793,0.00490784,0.0053797,0.005851561,3.191033537,611.0933276,0,0.173333333,0.5,-7.96E-15,1.98E-16,7.96E-15,-3,-2.04,-2,4,4,9,5,2,2,0,1,2.8,1.166190379,2,2,2,0
11_nb,0.017166804,0.354541415,0.354541415,0.354541415,3.304665793,0.00490784,0.0053797,0.005851561,3.191033537,611.0933276,0,0.173333333,0.5,-7.96E-15,1.98E-16,7.96E-15,-3,-2.04,-2,4,4,9,5,2,2,0,1,2.8,1.166190379,2,2,2,0
12_dt,0.998845536,0.354541415,0.354541415,0.354541415,3.847399207,0,0.444325018,0.888650036,2.248006517,6.410968449,0,0.173333333,0.5,-7.96E-15,1.98E-16,7.96E-15,-3,-2.04,-2,3,1,3,2,2,2,0,1,1,0,1,0,0.5,0.5
12_knn,0.800321393,0.354541415,0.354541415,0.354541415,3.827219294,0.169509145,0.265980789,0.362452432,3.008944357,11.38013733,0,0.173333333,0.5,-7.96E-15,1.98E-16,7.96E-15,-3,-2.04,-2,8,7,47,24,12,6.571428571,3.958973274,3,4.958333333,1.059841445,13,10,11.5,1.5
12_nb,0.078129578,0.354541415,0.354541415,0.354541415,3.346896281,0.018355897,0.024111986,0.029868075,3.240279664,135.5660498,0,0.173333333,0.5,-7.96E-15,1.98E-16,7.96E-15,-3,-2.04,-2,4,4,9,5,2,2,0,1,2.8,1.166190379,2,2,2,0
13_dt,0.810643524,0.354541415,0.354541415,0.354541415,3.808210985,0.291243845,0.295311228,0.29937861,2.745048097,10.15053672,0,0.173333333,0.5,-7.96E-15,1.98E-16,7.96E-15,-3,-2.04,-2,4,2,5,3,2,2,0,1,1.666666667,0.471404521,1,1,1,0
13_knn,0.017166804,0.354541415,0.354541415,0.354541415,3.305137654,0.00490784,0.00490784,0.00490784,3.497832997,669.942569,0,0.173333333,0.5,-7.96E-15,1.98E-16,7.96E-15,-3,-2.04,-2,4,4,9,5,2,2,0,1,2.8,1.166190379,2,2,2,0
13_nb,0.017166804,0.354541415,0.354541415,0.354541415,3.305137654,0.00490784,0.00490784,0.00490784,3.497832997,669.942569,0,0.173333333,0.5,-7.96E-15,1.98E-16,7.96E-15,-3,-2.04,-2,4,4,9,5,2,2,0,1,2.8,1.166190379,2,2,2,0
14_dt,0.017166804,0.354541415,0.354541415,0.354541415,3.305137654,0.00490784,0.00490784,0.00490784,3.497832997,669.942569,0,0.173333333,0.5,-7.96E-15,1.98E-16,7.96E-15,-3,-2.04,-2,4,4,9,5,2,2,0,1,2.8,1.166190379,2,2,2,0
14_knn,0.017166804,0.354541415,0.354541415,0.354541415,3.305137654,0.00490784,0.00490784,0.00490784,3.497832997,669.942569,0,0.173333333,0.5,-7.96E-15,1.98E-16,7.96E-15,-3,-2.04,-2,4,4,9,5,2,2,0,1,2.8,1.166190379,2,2,2,0
14_nb,0.017166804,0.354541415,0.354541415,0.354541415,3.305137654,0.00490784,0.00490784,0.00490784,3.497832997,669.942569,0,0.173333333,0.5,-7.96E-15,1.98E-16,7.96E-15,-3,-2.04,-2,4,4,9,5,2,2,0,1,2.8,1.166190379,2,2,2,0
15_dt,0.998845536,0.354541415,0.354541415,0.354541415,3.847399207,0,0.444325018,0.888650036,2.248006517,6.410968449,0,0.173333333,0.5,-7.96E-15,1.98E-16,7.96E-15,-3,-2.04,-2,3,1,3,2,2,2,0,1,1,0,1,0,0.5,0.5
15_knn,0.935841553,0.354541415,0.354541415,0.354541415,3.911350152,0.09469495,0.31737009,0.540045231,2.948738968,9.37551675,0,0.173333333,0.5,-7.96E-15,1.98E-16,7.96E-15,-3,-2.04,-2,8,8,41,21,8,5,2.236067977,1,5.80952381,1.762548145,10,10,10,0
15_nb,0.997470458,0.354541415,0.354541415,0.354541415,4.022505732,0.232162309,0.267843415,0.30352452,3.724080573,11.29404386,0,0.173333333,0.5,-7.96E-15,1.98E-16,7.96E-15,-3,-2.04,-2,14,15,147,74,26,9.733333333,8.160609999,4,7.594594595,2.645337147,38,35,36.5,1.5
16_dt,0.989587521,0.354541415,0.354541415,0.354541415,3.8427702,8.88E-16,0.439696011,0.879392021,2.250617466,6.488989234,0,0.173333333,0.5,-7.96E-15,1.98E-16,7.96E-15,-3,-2.04,-2,3,1,3,2,2,2,0,1,1,0,1,0,0.5,0.5
16_knn,0.992658185,0.354541415,0.354541415,0.354541415,3.941563872,0.061808038,0.343973002,0.626137966,2.885860748,8.573073089,0,0.173333333,0.5,-7.96E-15,1.98E-16,7.96E-15,-3,-2.04,-2,11,7,51,26,12,7.142857143,3.681171065,3,5.153846154,1.166596222,13,12,12.5,0.5
16_nb,0.65678893,0.354541415,0.354541415,0.354541415,3.734708253,0.197144976,0.214959366,0.232773756,3.055409694,14.31861001,0,0.173333333,0.5,-7.96E-15,1.98E-16,7.96E-15,-3,-2.04,-2,6,8,41,21,8,5,2.236067977,2,5.238095238,1.600736792,12,8,10,2
17_dt,0.40217919,0.354541415,0.354541415,0.354541415,3.549066034,4.44E-16,0.145991845,0.29198369,2.754805859,21.55522346,0,0.173333333,0.5,-7.96E-15,1.98E-16,7.96E-15,-3,-2.04,-2,4,2,5,3,2,2,0,1,1.666666667,0.471404521,2,0,1,1
17_knn,0.017166804,0.354541415,0.354541415,0.354541415,3.305137654,0.00490784,0.00490784,0.00490784,3.497832997,669.942569,0,0.173333333,0.5,-7.96E-15,1.98E-16,7.96E-15,-3,-2.04,-2,4,4,9,5,2,2,0,1,2.8,1.166190379,2,2,2,0
17_nb,0.017166804,0.354541415,0.354541415,0.354541415,3.305137654,0.00490784,0.00490784,0.00490784,3.497832997,669.942569,0,0.173333333,0.5,-7.96E-15,1.98E-16,7.96E-15,-3,-2.04,-2,4,4,9,5,2,2,0,1,2.8,1.166190379,2,2,2,0
18_dt,0.778707942,0.354541415,0.354541415,0.354541415,3.786633613,0.270643953,0.284953019,0.299262085,2.732759055,10.55586526,0,0.173333333,0.5,-7.96E-15,1.98E-16,7.96E-15,-3,-2.04,-2,4,2,5,3,2,2,0,1,1.666666667,0.471404521,1,1,1,0
18_knn,0.017166804,0.354541415,0.354541415,0.354541415,3.304665793,0.00490784,0.0053797,0.005851561,3.191033537,611.0933276,0,0.173333333,0.5,-7.96E-15,1.98E-16,7.96E-15,-3,-2.04,-2,4,4,9,5,2,2,0,1,2.8,1.166190379,2,2,2,0
18_nb,0.017166804,0.354541415,0.354541415,0.354541415,3.304665793,0.00490784,0.0053797,0.005851561,3.191033537,611.0933276,0,0.173333333,0.5,-7.96E-15,1.98E-16,7.96E-15,-3,-2.04,-2,4,4,9,5,2,2,0,1,2.8,1.166190379,2,2,2,0
19_dt,0.017166804,0.354541415,0.354541415,0.354541415,3.304665793,0.00490784,0.0053797,0.005851561,3.191033537,611.0933276,0,0.173333333,0.5,-7.96E-15,1.98E-16,7.96E-15,-3,-2.04,-2,4,4,9,5,2,2,0,1,2.8,1.166190379,2,2,2,0
19_knn,0.017166804,0.354541415,0.354541415,0.354541415,3.304665793,0.00490784,0.0053797,0.005851561,3.191033537,611.0933276,0,0.173333333,0.5,-7.96E-15,1.98E-16,7.96E-15,-3,-2.04,-2,4,4,9,5,2,2,0,1,2.8,1.166190379,2,2,2,0
19_nb,0.017166804,0.354541415,0.354541415,0.354541415,3.304665793,0.00490784,0.0053797,0.005851561,3.191033537,611.0933276,0,0.173333333,0.5,-7.96E-15,1.98E-16,7.96E-15,-3,-2.04,-2,4,4,9,5,2,2,0,1,2.8,1.166190379,2,2,2,0
1_dt,0.998845536,0.354541415,0.354541415,0.354541415,3.847399207,0,0.444325018,0.888650036,2.248006517,6.410968449,0,0.173333333,0.5,-7.96E-15,1.98E-16,7.96E-15,-3,-2.04,-2,3,1,3,2,2,2,0,1,1,0,1,0,0.5,0.5
1_knn,0.998845536,0.354541415,0.354541415,0.354541415,3.847399207,0,0.444325018,0.888650036,2.248006517,6.410968449,0,0.173333333,0.5,-7.96E-15,1.98E-16,7.96E-15,-3,-2.04,-2,3,1,3,2,2,2,0,1,1,0,1,0,0.5,0.5
1_nb,0.998845536,0.354541415,0.354541415,0.354541415,3.847399207,0,0.444325018,0.888650036,2.248006517,6.410968449,0,0.173333333,0.5,-7.96E-15,1.98E-16,7.96E-15,-3,-2.04,-2,3,1,3,2,2,2,0,1,1,0,1,0,0.5,0.5
20_dt,0.743770243,0.354541415,0.354541415,0.354541415,3.781003172,0.24317664,0.255645761,0.268114882,2.909378354,11.8806309,0,0.173333333,0.5,-7.96E-15,1.98E-16,7.96E-15,-3,-2.04,-2,4,2,5,3,2,2,0,1,1.666666667,0.471404521,1,1,1,0
20_knn,0.017166804,0.354541415,0.354541415,0.354541415,3.305137654,0.00490784,0.00490784,0.00490784,3.497832997,669.942569,0,0.173333333,0.5,-7.96E-15,1.98E-16,7.96E-15,-3,-2.04,-2,4,4,9,5,2,2,0,1,2.8,1.166190379,2,2,2,0
20_nb,0.017166804,0.354541415,0.354541415,0.354541415,3.305137654,0.00490784,0.00490784,0.00490784,3.497832997,669.942569,0,0.173333333,0.5,-7.96E-15,1.98E-16,7.96E-15,-3,-2.04,-2,4,4,9,5,2,2,0,1,2.8,1.166190379,2,2,2,0
21_dt,0.645670004,0.354541415,0.354541415,0.354541415,3.667832215,0.023342122,0.270716479,0.518090836,2.385041382,11.16356945,0,0.173333333,0.5,-7.96E-15,1.98E-16,7.96E-15,-3,-2.04,-2,4,6,17,9,4,2.666666667,0.942809042,1,4.222222222,1.617802198,5,3,4,1
21_knn,0.698954393,0.354541415,0.354541415,0.354541415,3.817816922,0.135382113,0.17401616,0.212650206,4.016606241,17.92283278,0,0.173333333,0.5,-7.96E-15,1.98E-16,7.96E-15,-3,-2.04,-2,8,12,61,31,10,5,2.516611478,3,6.612903226,2.731860046,15,15,15,0
21_nb,0.844319894,0.354541415,0.354541415,0.354541415,3.884256705,0.093268827,0.252941878,0.412614929,3.337999624,12.0183215,0,0.173333333,0.5,-7.96E-15,1.98E-16,7.96E-15,-3,-2.04,-2,6,15,91,46,12,6,3.098386677,2,8.195652174,3.474250405,26,19,22.5,3.5
22_dt,0.998653373,0.354541415,0.354541415,0.354541415,3.931230403,0.021710536,0.36030166,0.698892784,2.771714607,8.139227087,0,0.173333333,0.5,-7.96E-15,1.98E-16,7.96E-15,-3,-2.04,-2,5,3,7,4,2,2,0,1,2.25,0.829156198,2,1,1.5,0.5
22_knn,0.461341275,0.354541415,0.354541415,0.354541415,3.600783947,0.106526969,0.153436017,0.200345065,3.00673391,20.46092395,0,0.173333333,0.5,-7.96E-15,1.98E-16,7.96E-15,-3,-2.04,-2,6,7,39,20,8,5.428571429,1.761261144,2,5.2,1.568438714,11,8,9.5,1.5
22_nb,0.851053861,0.354541415,0.354541415,0.354541415,3.897914101,0.176322041,0.246018449,0.315714857,3.459309107,12.38468194,0,0.173333333,0.5,-7.96E-15,1.98E-16,7.96E-15,-3,-2.04,-2,10,12,91,46,16,7.5,4.627814459,3,6.934782609,2.344300896,25,20,22.5,2.5
23_dt,0.989587521,0.354541415,0.354541415,0.354541415,3.82767245,0,0.454793761,0.909587521,2.175903908,6.240377891,0,0.173333333,0.5,-7.96E-15,1.98E-16,7.96E-15,-3,-2.04,-2,3,1,3,2,2,2,0,1,1,0,1,0,0.5,0.5
23_knn,0.017166804,0.354541415,0.354541415,0.354541415,3.304665793,0.00490784,0.0053797,0.005851561,3.191033537,611.0933276,0,0.173333333,0.5,-7.96E-15,1.98E-16,7.96E-15,-3,-2.04,-2,4,4,9,5,2,2,0,1,2.8,1.166190379,2,2,2,0
23_nb,0.017166804,0.354541415,0.354541415,0.354541415,3.304665793,0.00490784,0.0053797,0.005851561,3.191033537,611.0933276,0,0.173333333,0.5,-7.96E-15,1.98E-16,7.96E-15,-3,-2.04,-2,4,4,9,5,2,2,0,1,2.8,1.166190379,2,2,2,0
24_dt,0.145909058,0.354541415,0.354541415,0.354541415,3.397074708,0.017349843,0.041713039,0.066076235,3.497924429,77.94123216,0,0.173333333,0.5,-7.96E-15,1.98E-16,7.96E-15,-3,-2.04,-2,4,3,7,4,2,2,0,1,2.25,0.829156198,2,1,1.5,0.5
24_knn,0.277839574,0.354541415,0.354541415,0.354541415,3.529255326,0.040105558,0.041462937,0.042820315,6.700914004,78.41740123,0,0.173333333,0.5,-7.96E-15,1.98E-16,7.96E-15,-3,-2.04,-2,8,23,93,47,8,4,1.318760947,1,12.72340426,6.132238242,23,23,23,0
24_nb,0.017166804,0.354541415,0.354541415,0.354541415,3.304665793,0.00490784,0.0053797,0.005851561,3.191033537,611.0933276,0,0.173333333,0.5,-7.96E-15,1.98E-16,7.96E-15,-3,-2.04,-2,4,4,9,5,2,2,0,1,2.8,1.166190379,2,2,2,0
25_dt,0.839737437,0.354541415,0.354541415,0.354541415,3.888510156,0.204037507,0.24410597,0.284174433,3.440052845,12.48954591,0,0.173333333,0.5,-7.96E-15,1.98E-16,7.96E-15,-3,-2.04,-2,5,3,9,5,4,2.666666667,0.942809042,1,2.6,0.8,3,1,2,1
25_knn,0.163345543,0.354541415,0.354541415,0.354541415,3.415724208,0.040483646,0.040500025,0.040516404,4.033220804,80.30559657,0,0.173333333,0.5,-7.96E-15,1.98E-16,7.96E-15,-3,-2.04,-2,4,11,45,23,8,4,1.906925178,1,7.130434783,2.691441311,11,11,11,0
25_nb,0.098830522,0.354541415,0.354541415,0.354541415,3.362303789,0.028201629,0.029405423,0.030609217,3.360962464,110.982022,0,0.173333333,0.5,-7.96E-15,1.98E-16,7.96E-15,-3,-2.04,-2,4,8,19,10,4,2.25,0.661437828,1,5.2,2.441311123,5,4,4.5,0.5
26_dt,0.891783405,0.354541415,0.354541415,0.354541415,3.927603371,0.213506598,0.257058724,0.300610849,3.469181642,11.80983054,0,0.173333333,0.5,-7.96E-15,1.98E-16,7.96E-15,-3,-2.04,-2,6,5,13,7,4,2.4,0.8,1,3.571428571,1.399708424,3,3,3,0
26_knn,0.127744407,0.354541415,0.354541415,0.354541415,3.382592817,0.020488398,0.038030279,0.055572161,3.359018382,85.585709,0,0.173333333,0.5,-7.96E-15,1.98E-16,7.96E-15,-3,-2.04,-2,4,7,19,10,4,2.571428571,0.903507903,1,4.8,1.989974874,6,3,4.5,1.5
26_nb,0.810643524,0.354541415,0.354541415,0.354541415,3.846051642,0.073900893,0.257470571,0.441040249,3.148490023,11.78934007,0,0.173333333,0.5,-7.96E-15,1.98E-16,7.96E-15,-3,-2.04,-2,7,11,83,42,12,7.454545455,3.822508371,2,6.952380952,2.224885026,23,18,20.5,2.5
27_dt,0.154711699,0.354541415,0.354541415,0.354541415,3.403338946,0.017124714,0.044251443,0.071378171,3.496195609,73.4129116,0,0.173333333,0.5,-7.96E-15,1.98E-16,7.96E-15,-3,-2.04,-2,4,3,7,4,2,2,0,1,2.25,0.829156198,2,1,1.5,0.5
27_knn,0.998845536,0.354541415,0.354541415,0.354541415,3.974919052,0.058621511,0.316805174,0.574988837,3.152870024,9.394018032,0,0.173333333,0.5,-7.96E-15,1.98E-16,7.96E-15,-3,-2.04,-2,7,12,83,42,14,6.833333333,4.278499218,3,6.738095238,2.381071426,21,20,20.5,0.5
27_nb,0.098830522,0.354541415,0.354541415,0.354541415,3.364079276,0.015202829,0.027629935,0.04005704,3.576936477,118.1779389,0,0.173333333,0.5,-7.96E-15,1.98E-16,7.96E-15,-3,-2.04,-2,4,6,13,7,2,2,0,1,3.857142857,1.807015806,4,2,3,1
28_dt,0.995916897,0.354541415,0.354541415,0.354541415,3.850241903,0.001051935,0.438553684,0.876055433,2.270912168,6.508496242,0,0.173333333,0.5,-7.96E-15,1.98E-16,7.96E-15,-3,-2.04,-2,4,4,9,5,2,2,0,1,2.8,1.166190379,3,1,2,1
28_knn,0.043881489,0.354541415,0.354541415,0.354541415,3.32371721,0.011279511,0.013042969,0.014806426,3.364378888,251.4638923,0,0.173333333,0.5,-7.96E-15,1.98E-16,7.96E-15,-3,-2.04,-2,5,6,21,11,4,3.333333333,0.942809042,1,4.454545455,1.5587662,6,4,5,1
28_nb,0.89363465,0.354541415,0.354541415,0.354541415,3.917992248,0.113307015,0.268521091,0.423735168,3.327986811,11.26301693,0,0.173333333,0.5,-7.96E-15,1.98E-16,7.96E-15,-3,-2.04,-2,8,17,109,55,16,6.352941176,4.664524142,3,8.163636364,3.725897751,28,26,27,1
29_dt,0.970950594,0.354541415,0.354541415,0.354541415,3.778353987,0,0.485475297,0.970950594,2,5.782793498,0,0.173333333,0.5,-7.96E-15,1.98E-16,7.96E-15,-3,-2.04,-2,3,1,3,2,2,2,0,1,1,0,1,0,0.5,0.5
29_knn,0.017166804,0.354541415,0.354541415,0.354541415,3.304665793,0.00490784,0.0053797,0.005851561,3.191033537,611.0933276,0,0.173333333,0.5,-7.96E-15,1.98E-16,7.96E-15,-3,-2.04,-2,4,4,9,5,2,2,0,1,2.8,1.166190379,2,2,2,0
29_nb,0.017166804,0.354541415,0.354541415,0.354541415,3.304665793,0.00490784,0.0053797,0.005851561,3.191033537,611.0933276,0,0.173333333,0.5,-7.96E-15,1.98E-16,7.96E-15,-3,-2.04,-2,4,4,9,5,2,2,0,1,2.8,1.166190379,2,2,2,0
2_dt,0.998845536,0.354541415,0.354541415,0.354541415,3.792301457,0,0.499422768,0.998845536,2,5.593369186,0,0.173333333,0.5,-7.96E-15,1.98E-16,7.96E-15,-3,-2.04,-2,3,1,3,2,2,2,0,1,1,0,1,0,0.5,0.5
2_knn,0.998845536,0.354541415,0.354541415,0.354541415,3.792301457,0,0.499422768,0.998845536,2,5.593369186,0,0.173333333,0.5,-7.96E-15,1.98E-16,7.96E-15,-3,-2.04,-2,3,1,3,2,2,2,0,1,1,0,1,0,0.5,0.5
2_nb,0.998845536,0.354541415,0.354541415,0.354541415,3.792301457,0,0.499422768,0.998845536,2,5.593369186,0,0.173333333,0.5,-7.96E-15,1.98E-16,7.96E-15,-3,-2.04,-2,3,1,3,2,2,2,0,1,1,0,1,0,0.5,0.5
30_dt,0.999776544,0.354541415,0.354541415,0.354541415,3.926020091,0.081071359,0.366635142,0.652198924,2.726897752,7.981350435,0,0.173333333,0.5,-7.96E-15,1.98E-16,7.96E-15,-3,-2.04,-2,5,7,17,9,4,2.285714286,0.699854212,1,4.666666667,2.108185107,5,3,4,1
30_knn,0.188337751,0.354541415,0.354541415,0.354541415,3.450942129,0.030024667,0.030274311,0.030523955,6.221041677,107.7680799,0,0.173333333,0.5,-7.96E-15,1.98E-16,7.96E-15,-3,-2.04,-2,8,11,71,36,10,6.363636364,2.532434232,2,7.361111111,2.496138994,18,17,17.5,0.5
30_nb,0.820650129,0.354541415,0.354541415,0.354541415,3.870243377,0.145986504,0.243285441,0.340584378,3.37319868,12.5350421,0,0.173333333,0.5,-7.96E-15,1.98E-16,7.96E-15,-3,-2.04,-2,6,15,113,57,20,7.466666667,5.239168721,2,8.140350877,2.946532881,29,27,28,1
31_dt,0.614822757,0.354541415,0.354541415,0.354541415,3.660026409,0.002930438,0.247675038,0.492419637,2.482376758,12.29515772,0,0.173333333,0.5,-7.96E-15,1.98E-16,7.96E-15,-3,-2.04,-2,4,7,17,9,4,2.285714286,0.699854212,1,4.444444444,1.949992086,5,3,4,1
31_knn,0.355386635,0.354541415,0.354541415,0.354541415,3.543785523,0.045411582,0.104479801,0.163548021,3.401486513,30.51689274,0,0.173333333,0.5,-7.96E-15,1.98E-16,7.96E-15,-3,-2.04,-2,5,10,45,23,10,4.4,2.653299832,1,6.217391304,2.145906553,12,10,11,1
31_nb,0.964020778,0.354541415,0.354541415,0.354541415,3.983580207,0.14735113,0.273319261,0.399287393,3.527086873,11.04773741,0,0.173333333,0.5,-7.96E-15,1.98E-16,7.96E-15,-3,-2.04,-2,9,17,123,62,18,7.176470588,5.181815422,3,8.580645161,4.148642946,32,29,30.5,1.5
32_dt,0.515404178,0.354541415,0.354541415,0.354541415,3.712375483,0.031573571,0.095907385,0.160241199,5.373978034,33.33394312,0,0.173333333,0.5,-7.96E-15,1.98E-16,7.96E-15,-3,-2.04,-2,5,6,17,9,4,2.666666667,0.942809042,1,4,1.490711985,6,2,4,2
32_knn,0.40217919,0.354541415,0.354541415,0.354541415,3.581758406,0.084488511,0.113299473,0.142110436,3.549700437,28.06349509,0,0.173333333,0.5,-7.96E-15,1.98E-16,7.96E-15,-3,-2.04,-2,7,10,59,30,12,5.8,3.155946768,2,6.166666667,2.001388407,16,13,14.5,1.5
32_nb,0.538489747,0.354541415,0.354541415,0.354541415,3.651948251,0.128084474,0.179420186,0.230755897,3.001277393,17.35288864,0,0.173333333,0.5,-7.96E-15,1.98E-16,7.96E-15,-3,-2.04,-2,8,9,65,33,12,7.111111111,3.142696805,3,6.121212121,1.887078482,17,15,16,1
33_dt,0.876346229,0.354541415,0.354541415,0.354541415,3.961700781,0.124732554,0.207524137,0.29031572,4.222864103,14.86744914,0,0.173333333,0.5,-7.96E-15,1.98E-16,7.96E-15,-3,-2.04,-2,5,5,15,8,4,2.8,0.979795897,1,3.625,1.218349293,6,1,3.5,2.5
33_knn,0.336899254,0.354541415,0.354541415,0.354541415,3.564098986,0.063957795,0.065678958,0.067400121,5.129485361,49.1359763,0,0.173333333,0.5,-7.96E-15,1.98E-16,7.96E-15,-3,-2.04,-2,7,13,73,37,10,5.538461538,2.373422865,2,7.594594595,3.008631362,19,17,18,1
33_nb,0.429758609,0.354541415,0.354541415,0.354541415,3.594758644,0.087579456,0.127878655,0.168177853,3.360675092,24.75002607,0,0.173333333,0.5,-7.96E-15,1.98E-16,7.96E-15,-3,-2.04,-2,5,11,51,26,8,4.545454545,1.724878724,2,7.192307692,2.787599336,13,12,12.5,0.5
34_dt,0.904381458,0.354541415,0.354541415,0.354541415,4.040472527,0.104801368,0.15678762,0.208773872,5.76819431,20.00216005,0,0.173333333,0.5,-7.96E-15,1.98E-16,7.96E-15,-3,-2.04,-2,6,6,19,10,6,3,1.527525232,2,3.8,1.326649916,5,4,4.5,0.5
34_knn,0.634309555,0.354541415,0.354541415,0.354541415,3.76165011,0.165089538,0.165538134,0.16598673,3.831803216,18.89196451,0,0.173333333,0.5,-7.96E-15,1.98E-16,7.96E-15,-3,-2.04,-2,9,9,93,47,22,10.22222222,6.95665593,2,6.595744681,1.4969412,25,21,23,2
34_nb,0.277839574,0.354541415,0.354541415,0.354541415,3.478364783,0.067246077,0.09235348,0.117460883,3.008436431,34.6551663,0,0.173333333,0.5,-7.96E-15,1.98E-16,7.96E-15,-3,-2.04,-2,5,11,49,25,8,4.363636364,1.666391162,2,6.96,2.749254444,13,11,12,1
35_dt,0.496285752,0.354541415,0.354541415,0.354541415,3.610323695,0.004198346,0.178840746,0.353483146,2.775014992,17.41235155,0,0.173333333,0.5,-7.96E-15,1.98E-16,7.96E-15,-3,-2.04,-2,5,4,15,8,4,3.5,0.866025404,2,3.25,0.829156198,4,3,3.5,0.5
35_knn,0.127744407,0.354541415,0.354541415,0.354541415,3.385412873,0.02845719,0.035210223,0.041963257,3.628048781,92.52052899,0,0.173333333,0.5,-7.96E-15,1.98E-16,7.96E-15,-3,-2.04,-2,4,10,39,20,8,3.8,2.088061302,1,7.55,2.871846096,10,9,9.5,0.5
35_nb,0.043881489,0.354541415,0.354541415,0.354541415,3.325000848,0.011279511,0.01175933,0.01223915,3.731631594,279.0226337,0,0.173333333,0.5,-7.96E-15,1.98E-16,7.96E-15,-3,-2.04,-2,4,9,25,13,4,2.666666667,0.942809042,1,6,2.572039,6,6,6,0
36_dt,0.664070086,0.354541415,0.354541415,0.354541415,3.773750345,0.066254461,0.183198431,0.300142401,3.624867761,16.9743826,0,0.173333333,0.5,-7.96E-15,1.98E-16,7.96E-15,-3,-2.04,-2,6,5,17,9,6,3.2,1.6,1,3.777777778,1.133115447,4,4,4,0
36_knn,0.907827453,0.354541415,0.354541415,0.354541415,3.893082364,0.037275025,0.307623778,0.57797253,2.951096496,9.704239814,0,0.173333333,0.5,-7.96E-15,1.98E-16,7.96E-15,-3,-2.04,-2,9,10,83,42,14,8.2,3.736308338,3,6.666666667,2.077849927,21,20,20.5,0.5
36_nb,0.291472766,0.354541415,0.354541415,0.354541415,3.484993421,0.094405271,0.099358034,0.104310796,2.933560128,32.14154448,0,0.173333333,0.5,-7.96E-15,1.98E-16,7.96E-15,-3,-2.04,-2,4,12,45,23,6,3.666666667,1.598610508,1,7.391304348,2.85503568,12,10,11,1
37_dt,0.995561641,0.354541415,0.354541415,0.354541415,4.009758363,0.047859989,0.278681967,0.509503945,3.572393477,10.81590157,0,0.173333333,0.5,-7.96E-15,1.98E-16,7.96E-15,-3,-2.04,-2,8,9,37,19,6,4,1.632993162,2,5.421052632,2.085432922,11,7,9,2
37_knn,0.638123559,0.354541415,0.354541415,0.354541415,3.746824444,0.173378698,0.184177805,0.194976912,3.464714758,16.87880297,0,0.173333333,0.5,-7.96E-15,1.98E-16,7.96E-15,-3,-2.04,-2,6,9,67,34,12,7.333333333,3.771236166,2,6.264705882,1.754135006,18,15,16.5,1.5
37_nb,0.705636606,0.354541415,0.354541415,0.354541415,3.775276842,0.210104972,0.223238453,0.236371935,3.160909761,13.75049947,0,0.173333333,0.5,-7.96E-15,1.98E-16,7.96E-15,-3,-2.04,-2,6,9,61,31,12,6.666666667,3.265986324,2,6.322580645,1.89033359,19,11,15,4
38_dt,0.815685932,0.354541415,0.354541415,0.354541415,3.840684339,0.231417506,0.267880283,0.30434306,3.044964427,11.29235184,0,0.173333333,0.5,-7.96E-15,1.98E-16,7.96E-15,-3,-2.04,-2,5,5,13,7,4,2.4,0.8,2,3.285714286,1.27775313,3,3,3,0
38_knn,0.043881489,0.354541415,0.354541415,0.354541415,3.325000848,0.011279511,0.01175933,0.01223915,3.731631594,279.0226337,0,0.173333333,0.5,-7.96E-15,1.98E-16,7.96E-15,-3,-2.04,-2,4,7,17,9,4,2.285714286,0.699854212,1,4.555555556,2.006163343,4,4,4,0
38_nb,0.043881489,0.354541415,0.354541415,0.354541415,3.325000848,0.011279511,0.01175933,0.01223915,3.731631594,279.0226337,0,0.173333333,0.5,-7.96E-15,1.98E-16,7.96E-15,-3,-2.04,-2,5,6,17,9,4,2.666666667,0.942809042,1,4,1.490711985,4,4,4,0
39_dt,0.868203979,0.354541415,0.354541415,0.354541415,3.868886379,0.278562622,0.292196289,0.305829956,2.97130392,10.26940626,0,0.173333333,0.5,-7.96E-15,1.98E-16,7.96E-15,-3,-2.04,-2,5,7,25,13,4,3.428571429,0.903507903,1,5,1.839732422,7,5,6,1
39_knn,0.870266325,0.354541415,0.354541415,0.354541415,4.026295881,0.07766045,0.136849133,0.196037816,6.359311928,23.06210849,0,0.173333333,0.5,-7.96E-15,1.98E-16,7.96E-15,-3,-2.04,-2,9,11,163,82,28,14.72727273,8.367587999,3,7.634146341,1.984772489,47,34,40.5,6.5
39_nb,0.653109112,0.354541415,0.354541415,0.354541415,3.733706371,0.074771169,0.212281431,0.349791693,3.076619134,14.51185459,0,0.173333333,0.5,-7.96E-15,1.98E-16,7.96E-15,-3,-2.04,-2,6,11,55,28,10,4.909090909,2.998622273,2,6.25,2.429359116,14,13,13.5,0.5
3_dt,0.998845536,0.354541415,0.354541415,0.354541415,3.847399207,0,0.444325018,0.888650036,2.248006517,6.410968449,0,0.173333333,0.5,-7.96E-15,1.98E-16,7.96E-15,-3,-2.04,-2,3,1,3,2,2,2,0,1,1,0,1,0,0.5,0.5
3_knn,0.998845536,0.354541415,0.354541415,0.354541415,3.847399207,0,0.444325018,0.888650036,2.248006517,6.410968449,0,0.173333333,0.5,-7.96E-15,1.98E-16,7.96E-15,-3,-2.04,-2,3,1,3,2,2,2,0,1,1,0,1,0,0.5,0.5
3_nb,0.998845536,0.354541415,0.354541415,0.354541415,3.847399207,0,0.444325018,0.888650036,2.248006517,6.410968449,0,0.173333333,0.5,-7.96E-15,1.98E-16,7.96E-15,-3,-2.04,-2,3,1,3,2,2,2,0,1,1,0,1,0,0.5,0.5
40_dt,0.97954382,0.354541415,0.354541415,0.354541415,4.008891504,0.191430193,0.263531005,0.335631817,3.716996487,11.49522306,0,0.173333333,0.5,-7.96E-15,1.98E-16,7.96E-15,-3,-2.04,-2,5,9,31,16,6,3.333333333,1.632993162,1,5.5625,2.090716085,10,5,7.5,2.5
40_knn,0.993117666,0.354541415,0.354541415,0.354541415,4.023782521,0.166577857,0.262213834,0.357849812,3.787434288,11.55798994,0,0.173333333,0.5,-7.96E-15,1.98E-16,7.96E-15,-3,-2.04,-2,18,12,145,73,20,12,6.377042157,3,7.767123288,2.355527152,36,36,36,0
40_nb,0.956329327,0.354541415,0.354541415,0.354541415,3.95550176,0.251296262,0.293706256,0.33611625,3.256074079,10.21146936,0,0.173333333,0.5,-7.96E-15,1.98E-16,7.96E-15,-3,-2.04,-2,8,12,91,46,16,7.5,5.041494487,3,6.782608696,2.205852329,26,19,22.5,3.5
41_dt,0.932991785,0.354541415,0.354541415,0.354541415,4.07905906,0.14205645,0.146811415,0.151566379,6.355035732,21.42930974,0,0.173333333,0.5,-7.96E-15,1.98E-16,7.96E-15,-3,-2.04,-2,8,7,33,17,6,4.571428571,1.399708424,2,5.058823529,1.625914701,9,7,8,1
41_knn,0.977947361,0.354541415,0.354541415,0.354541415,4.235141643,0.033111659,0.035684407,0.038257155,27.40545362,91.2778033,0,0.173333333,0.5,-7.96E-15,1.98E-16,7.96E-15,-3,-2.04,-2,10,11,133,67,20,12,6.768912898,4,7.208955224,1.981536517,33,33,33,0
41_nb,0.988444173,0.354541415,0.354541415,0.354541415,3.920514525,0.025399718,0.360808337,0.696216956,2.739526978,8.126393026,0,0.173333333,0.5,-7.96E-15,1.98E-16,7.96E-15,-3,-2.04,-2,8,9,93,47,14,10.22222222,4.365973934,3,6.808510638,1.89779601,26,20,23,3
42_dt,0.998653373,0.354541415,0.354541415,0.354541415,4.232491625,0.019480303,0.059040437,0.098600572,16.91473538,54.77327746,0,0.173333333,0.5,-7.96E-15,1.98E-16,7.96E-15,-3,-2.04,-2,8,10,49,25,10,4.8,3.12409987,2,5.92,2.01831613,13,11,12,1
42_knn,0.953990715,0.354541415,0.354541415,0.354541415,4.114778952,0.080274497,0.132090453,0.183906408,7.222253361,23.92896818,0,0.173333333,0.5,-7.96E-15,1.98E-16,7.96E-15,-3,-2.04,-2,12,11,217,109,38,19.63636364,12.32346415,4,7.963302752,1.842050142,63,45,54,9
42_nb,0.249580642,0.354541415,0.354541415,0.354541415,3.474542148,0.066073981,0.067917183,0.069760386,3.674779036,47.48373453,0,0.173333333,0.5,-7.96E-15,1.98E-16,7.96E-15,-3,-2.04,-2,5,12,77,39,14,6.333333333,3.448026811,2,8.076923077,2.730498361,20,18,19,1
43_dt,0.996893552,0.354541415,0.354541415,0.354541415,3.935125596,0.016637461,0.354646645,0.692655829,2.810948774,8.284956551,0,0.173333333,0.5,-7.96E-15,1.98E-16,7.96E-15,-3,-2.04,-2,5,9,43,22,8,4.666666667,2.309401077,1,6.363636364,2.100767274,14,7,10.5,3.5
43_knn,0.993562231,0.354541415,0.354541415,0.354541415,4.021758675,0.022248345,0.264682245,0.507116145,3.753792518,11.44087486,0,0.173333333,0.5,-7.96E-15,1.98E-16,7.96E-15,-3,-2.04,-2,9,13,193,97,26,14.76923077,7.54630675,3,8.886597938,2.635508084,55,41,48,7
43_nb,0.590489849,0.354541415,0.354541415,0.354541415,3.705756157,0.158486756,0.177612381,0.196738007,3.32459846,17.53969113,0,0.173333333,0.5,-7.96E-15,1.98E-16,7.96E-15,-3,-2.04,-2,5,15,97,49,10,6.4,2.939387691,2,9.408163265,3.457723489,30,18,24,6
44_dt,0.999022902,0.354541415,0.354541415,0.354541415,3.997347595,0.058635563,0.294553996,0.53047243,3.391646061,10.17920222,0,0.173333333,0.5,-7.96E-15,1.98E-16,7.96E-15,-3,-2.04,-2,5,9,33,17,6,3.555555556,1.571348403,1,6.058823529,2.261456798,9,7,8,1
44_knn,0.830346453,0.354541415,0.354541415,0.354541415,3.97976975,0.11420642,0.143455392,0.172704364,5.788185739,21.95402528,0,0.173333333,0.5,-7.96E-15,1.98E-16,7.96E-15,-3,-2.04,-2,8,9,101,51,20,11.11111111,5.89622185,3,6.509803922,1.601133777,29,21,25,4
44_nb,0.653109112,0.354541415,0.354541415,0.354541415,3.725350861,0.069592033,0.220636941,0.371681849,2.96010772,13.92442143,0,0.173333333,0.5,-7.96E-15,1.98E-16,7.96E-15,-3,-2.04,-2,5,14,81,41,8,5.714285714,2.249716535,2,8.463414634,3.276654756,21,19,20,1
45_dt,0.975438353,0.354541415,0.354541415,0.354541415,3.96846541,0.020180315,0.299851632,0.579522949,3.25307001,9.981693389,0,0.173333333,0.5,-7.96E-15,1.98E-16,7.96E-15,-3,-2.04,-2,8,8,57,29,12,7,3.16227766,2,5.75862069,1.589950605,22,6,14,8
45_knn,0.866123681,0.354541415,0.354541415,0.354541415,3.932289348,0.058829578,0.226713023,0.394596469,3.820352573,13.52443553,0,0.173333333,0.5,-7.96E-15,1.98E-16,7.96E-15,-3,-2.04,-2,11,10,129,65,24,12.8,7.332121112,3,7.169230769,1.793743235,37,27,32,5
45_nb,0.988444173,0.354541415,0.354541415,0.354541415,3.865321781,0.002663754,0.416001081,0.829338407,2.376061551,6.91555321,0,0.173333333,0.5,-7.96E-15,1.98E-16,7.96E-15,-3,-2.04,-2,6,10,71,36,12,7,3.376388603,2,6.888888889,2.14447323,23,12,17.5,5.5
46_dt,0.958605078,0.354541415,0.354541415,0.354541415,4.009962192,0.160452472,0.241521575,0.322590679,3.969024616,12.6338904,0,0.173333333,0.5,-7.96E-15,1.98E-16,7.96E-15,-3,-2.04,-2,6,7,29,15,6,4,1.8516402,1,5,1.549193338,8,6,7,1
46_knn,0.960818175,0.354541415,0.354541415,0.354541415,3.995333896,0.14751732,0.258362969,0.369208617,3.718869545,11.7451651,0,0.173333333,0.5,-7.96E-15,1.98E-16,7.96E-15,-3,-2.04,-2,7,11,83,42,14,7.454545455,3.627261335,3,6.80952381,2.259773432,23,18,20.5,2.5
46_nb,0.987240772,0.354541415,0.354541415,0.354541415,4.019905677,0.249544637,0.260213784,0.270882931,3.793960322,11.65451291,0,0.173333333,0.5,-7.96E-15,1.98E-16,7.96E-15,-3,-2.04,-2,10,15,153,77,22,10.13333333,6.386096008,4,8.181818182,3.03112543,43,33,38,5
47_dt,0.930076976,0.354541415,0.354541415,0.354541415,3.93160891,0.271675708,0.291346756,0.311017804,3.19233682,10.30226653,0,0.173333333,0.5,-7.96E-15,1.98E-16,7.96E-15,-3,-2.04,-2,5,11,39,20,6,3.454545455,1.724878724,1,7.2,2.731300057,10,9,9.5,0.5
47_knn,0.974571459,0.354541415,0.354541415,0.354541415,4.064196907,0.085901691,0.203253242,0.320604793,4.794863055,15.20086677,0,0.173333333,0.5,-7.96E-15,1.98E-16,7.96E-15,-3,-2.04,-2,12,12,171,86,26,14.16666667,8.019074482,3,7.906976744,2.207955526,44,41,42.5,1.5
47_nb,0.715481742,0.354541415,0.354541415,0.354541415,3.778592178,0.159369359,0.229768254,0.300167149,3.113927752,13.33130397,0,0.173333333,0.5,-7.96E-15,1.98E-16,7.96E-15,-3,-2.04,-2,7,12,87,44,16,7.166666667,3.782268573,2,7.5,2.545048669,24,19,21.5,2.5
48_dt,0.944003299,0.354541415,0.354541415,0.354541415,4.017850758,0.1541661,0.219031231,0.283896363,4.309902721,14.0338318,0,0.173333333,0.5,-7.96E-15,1.98E-16,7.96E-15,-3,-2.04,-2,7,10,43,22,8,4.2,2.088061302,1,6.227272727,2.214247629,12,9,10.5,1.5
48_knn,0.992658185,0.354541415,0.354541415,0.354541415,4.14205657,0.060773737,0.143480304,0.226186872,6.918428211,21.95003977,0,0.173333333,0.5,-7.96E-15,1.98E-16,7.96E-15,-3,-2.04,-2,13,12,217,109,36,18,12.27463509,3,8.220183486,1.983222279,60,48,54,6
48_nb,0.778707942,0.354541415,0.354541415,0.354541415,3.834427766,0.197056335,0.237158865,0.277261396,3.283486539,12.88469575,0,0.173333333,0.5,-7.96E-15,1.98E-16,7.96E-15,-3,-2.04,-2,8,13,101,51,16,7.692307692,5.074591539,3,7.196078431,2.505050646,27,23,25,2
49_dt,0.85977448,0.354541415,0.354541415,0.354541415,4.000098063,0.135607166,0.152555105,0.169503045,5.635828947,20.58484751,0,0.173333333,0.5,-7.96E-15,1.98E-16,7.96E-15,-3,-2.04,-2,6,8,41,21,8,5,2.236067977,2,5.238095238,1.600736792,11,9,10,1
49_knn,0.844319894,0.354541415,0.354541415,0.354541415,3.993409593,0.040526437,0.14378899,0.247051542,5.871937027,21.90077072,0,0.173333333,0.5,-7.96E-15,1.98E-16,7.96E-15,-3,-2.04,-2,13,12,163,82,28,13.5,9.059985283,3,7.792682927,2.02868337,44,37,40.5,3.5
49_nb,0.586330111,0.354541415,0.354541415,0.354541415,3.695462258,0.04798786,0.183746543,0.319505226,3.190972209,16.92076543,0,0.173333333,0.5,-7.96E-15,1.98E-16,7.96E-15,-3,-2.04,-2,6,10,81,41,16,8,4.647580015,2,6.682926829,1.86677006,22,18,20,2
4_dt,0.586330111,0.354541415,0.354541415,0.354541415,3.695462258,0.04798786,0.183746543,0.319505226,3.190972209,16.92076543,0,0.173333333,0.5,-7.96E-15,1.98E-16,7.96E-15,-3,-2.04,-2,6,10,81,41,16,8,4.647580015,2,6.682926829,1.86677006,22,18,20,2
4_knn,0.586330111,0.354541415,0.354541415,0.354541415,3.695462258,0.04798786,0.183746543,0.319505226,3.190972209,16.92076543,0,0.173333333,0.5,-7.96E-15,1.98E-16,7.96E-15,-3,-2.04,-2,6,10,81,41,16,8,4.647580015,2,6.682926829,1.86677006,22,18,20,2
4_nb,0.586330111,0.354541415,0.354541415,0.354541415,3.695462258,0.04798786,0.183746543,0.319505226,3.190972209,16.92076543,0,0.173333333,0.5,-7.96E-15,1.98E-16,7.96E-15,-3,-2.04,-2,6,10,81,41,16,8,4.647580015,2,6.682926829,1.86677006,22,18,20,2
50_dt,0.962968817,0.354541415,0.354541415,0.354541415,4.09360724,0.127770745,0.162240267,0.196709789,5.935448915,19.29630959,0,0.173333333,0.5,-7.96E-15,1.98E-16,7.96E-15,-3,-2.04,-2,4,11,85,43,16,7.636363636,5.174636171,1,7.930232558,2.128383477,22,20,21,1
50_knn,0.946595553,0.354541415,0.354541415,0.354541415,4.167445104,0.022537917,0.072029138,0.12152036,13.14184197,44.71592505,0,0.173333333,0.5,-7.96E-15,1.98E-16,7.96E-15,-3,-2.04,-2,12,15,285,143,44,18.93333333,14.23360655,3,8.874125874,2.379596055,76,66,71,5
50_nb,0.505919244,0.354541415,0.354541415,0.354541415,3.694814904,0.068152239,0.103983029,0.139813819,4.865402061,30.66746264,0,0.173333333,0.5,-7.96E-15,1.98E-16,7.96E-15,-3,-2.04,-2,9,12,159,80,24,13.16666667,6.2427736,3,8.5125,2.692553389,42,37,39.5,2.5
51_dt,0.998224641,0.354541415,0.354541415,0.354541415,4.143199254,0.131816986,0.147904077,0.163991167,6.749135407,21.26361005,0,0.173333333,0.5,-7.96E-15,1.98E-16,7.96E-15,-3,-2.04,-2,8,12,77,39,14,6.333333333,3.144660377,2,8.230769231,2.877512623,20,18,19,1
51_knn,0.98255444,0.354541415,0.354541415,0.354541415,4.083659012,0.190262544,0.191774117,0.19328569,5.123498695,16.17061058,0,0.173333333,0.5,-7.96E-15,1.98E-16,7.96E-15,-3,-2.04,-2,8,16,237,119,30,14.75,9.161741101,2,9.378151261,3.108653135,63,55,59,4
51_nb,0.967083502,0.354541415,0.354541415,0.354541415,3.938306079,0.029152038,0.321656112,0.614160186,3.006575859,9.237264476,0,0.173333333,0.5,-7.96E-15,1.98E-16,7.96E-15,-3,-2.04,-2,9,12,147,74,24,12.16666667,7.635807459,3,7.567567568,2.11226202,42,31,36.5,5.5
52_dt,0.805522239,0.354541415,0.354541415,0.354541415,3.987713908,0.047423769,0.110687021,0.173950273,7.277476917,28.74945631,0,0.173333333,0.5,-7.96E-15,1.98E-16,7.96E-15,-3,-2.04,-2,5,14,89,45,12,6.285714286,3.614031612,1,8.755555556,2.891793412,25,19,22,3
52_knn,0.481548544,0.354541415,0.354541415,0.354541415,3.693335393,0.054144678,0.081091841,0.108039003,5.938310696,39.606782,0,0.173333333,0.5,-7.96E-15,1.98E-16,7.96E-15,-3,-2.04,-2,7,13,175,88,30,13.38461538,9.747097884,2,8.670454545,2.269969918,45,42,43.5,1.5
52_nb,0.688749806,0.354541415,0.354541415,0.354541415,3.788539262,0.026840165,0.193089233,0.359338302,3.567002643,16.05366287,0,0.173333333,0.5,-7.96E-15,1.98E-16,7.96E-15,-3,-2.04,-2,7,13,161,81,24,12.30769231,7.053472853,2,8.62962963,2.560114024,54,26,40,14
53_dt,0.959719446,0.354541415,0.354541415,0.354541415,4.00967219,0.11794706,0.242925945,0.367904829,3.950666721,12.55507207,0,0.173333333,0.5,-7.96E-15,1.98E-16,7.96E-15,-3,-2.04,-2,7,11,79,40,14,7.090909091,3.941724252,3,6.85,2.162752875,20,19,19.5,0.5
53_knn,0.874337393,0.354541415,0.354541415,0.354541415,3.995905989,0.138965411,0.171310093,0.203654774,5.103828844,18.22174366,0,0.173333333,0.5,-7.96E-15,1.98E-16,7.96E-15,-3,-2.04,-2,11,13,215,108,32,16.46153846,9.580552294,3,8.981481481,2.464494094,54,53,53.5,0.5
53_nb,0.925582193,0.354541415,0.354541415,0.354541415,3.931350798,0.25917844,0.287110084,0.315041729,3.223788518,10.46904574,0,0.173333333,0.5,-7.96E-15,1.98E-16,7.96E-15,-3,-2.04,-2,8,11,141,71,28,12.72727273,7.828745506,3,7.521126761,1.977757693,35,35,35,0
54_dt,0.977947361,0.354541415,0.354541415,0.354541415,4.134999509,0.011401267,0.135826541,0.260251815,7.199972508,23.24326399,0,0.173333333,0.5,-7.96E-15,1.98E-16,7.96E-15,-3,-2.04,-2,7,10,75,38,12,7.4,3.469870315,2,6.684210526,2.040449682,20,17,18.5,1.5
54_knn,0.966078098,0.354541415,0.354541415,0.354541415,4.217279098,0.010379673,0.041677689,0.072975705,23.17974237,78.00818771,0,0.173333333,0.5,-7.96E-15,1.98E-16,7.96E-15,-3,-2.04,-2,10,14,177,89,22,12.57142857,6.904597699,2,8.820224719,2.750124809,47,41,44,3
54_nb,0.953990715,0.354541415,0.354541415,0.354541415,3.996431162,0.127131748,0.250438242,0.373744737,3.809285303,12.14846591,0,0.173333333,0.5,-7.96E-15,1.98E-16,7.96E-15,-3,-2.04,-2,9,17,191,96,24,11.17647059,6.653042596,2,9.604166667,3.507370711,52,43,47.5,4.5
55_dt,0.997470458,0.354541415,0.354541415,0.354541415,4.072590108,0.1030885,0.217759039,0.332429578,4.580615635,14.12166249,0,0.173333333,0.5,-7.96E-15,1.98E-16,7.96E-15,-3,-2.04,-2,7,11,53,27,10,4.727272727,2.596883065,1,7.111111111,2.424158248,14,12,13,1
55_knn,0.967083502,0.354541415,0.354541415,0.354541415,4.027206909,0.093379595,0.232755282,0.372130969,4.154936867,13.14738546,0,0.173333333,0.5,-7.96E-15,1.98E-16,7.96E-15,-3,-2.04,-2,9,11,175,88,28,15.81818182,8.461873657,4,7.920454545,2.11177215,44,43,43.5,0.5
55_nb,0.985322848,0.354541415,0.354541415,0.354541415,4.034019525,0.158006974,0.244182012,0.330357049,4.035198337,12.48534507,0,0.173333333,0.5,-7.96E-15,1.98E-16,7.96E-15,-3,-2.04,-2,11,16,209,105,24,13,8.062257748,3,8.971428571,3.084391251,52,52,52,0
56_dt,0.994806526,0.354541415,0.354541415,0.354541415,4.022848008,0.061186209,0.264837208,0.468488206,3.756294425,11.43359542,0,0.173333333,0.5,-7.96E-15,1.98E-16,7.96E-15,-3,-2.04,-2,6,15,83,42,10,5.466666667,1.995550606,2,9.904761905,3.992907544,26,15,20.5,5.5
56_knn,0.995561641,0.354541415,0.354541415,0.354541415,4.175090347,0.085097689,0.113349983,0.141602277,8.783077115,28.05054421,0,0.173333333,0.5,-7.96E-15,1.98E-16,7.96E-15,-3,-2.04,-2,14,12,261,131,48,21.66666667,15.97567596,3,8.435114504,1.874290651,68,62,65,3
56_nb,0.996257297,0.354541415,0.354541415,0.354541415,4.035234108,0.222488214,0.253901878,0.285315542,3.923788609,11.96909938,0,0.173333333,0.5,-7.96E-15,1.98E-16,7.96E-15,-3,-2.04,-2,9,15,187,94,20,12.4,6.332982446,3,9.404255319,3.10222689,50,43,46.5,3.5
57_dt,0.985977216,0.354541415,0.354541415,0.354541415,3.992093928,0.011859359,0.286761978,0.561664597,3.438312234,10.48296826,0,0.173333333,0.5,-7.96E-15,1.98E-16,7.96E-15,-3,-2.04,-2,4,14,91,46,12,6.428571429,3.223004049,1,9.934782609,3.351846823,25,20,22.5,2.5
57_knn,0.874337393,0.354541415,0.354541415,0.354541415,3.926611457,0.237227675,0.240604625,0.243981575,3.633917648,12.68584952,0,0.173333333,0.5,-7.96E-15,1.98E-16,7.96E-15,-3,-2.04,-2,12,11,149,75,22,13.45454545,7.139692333,3,7.653333333,2.075208156,42,32,37,5
57_nb,0.660442523,0.354541415,0.354541415,0.354541415,3.779461242,0.17245824,0.17385997,0.1752617,3.798703771,17.93983241,0,0.173333333,0.5,-7.96E-15,1.98E-16,7.96E-15,-3,-2.04,-2,7,14,139,70,16,9.857142857,4.983646726,2,8.6,2.870540019,41,28,34.5,6.5
58_dt,0.985322848,0.354541415,0.354541415,0.354541415,4.014052112,0.014976478,0.264149425,0.513322373,3.730172217,11.46596953,0,0.173333333,0.5,-7.96E-15,1.98E-16,7.96E-15,-3,-2.04,-2,6,14,71,36,10,5,2.591193878,2,8.527777778,3.419601269,22,13,17.5,4.5
58_knn,0.973689256,0.354541415,0.354541415,0.354541415,4.153977123,0.101943214,0.112590822,0.12323843,8.648033964,28.24642186,0,0.173333333,0.5,-7.96E-15,1.98E-16,7.96E-15,-3,-2.04,-2,8,13,243,122,36,18.61538462,12.33842317,3,8.680327869,2.229704066,64,57,60.5,3.5
58_nb,0.964020778,0.354541415,0.354541415,0.354541415,3.97785027,0.189730767,0.279049198,0.368367629,3.454662426,10.80035175,0,0.173333333,0.5,-7.96E-15,1.98E-16,7.96E-15,-3,-2.04,-2,8,15,163,82,20,10.8,5.356615847,3,8.804878049,3.183183804,43,38,40.5,2.5
59_dt,0.998845536,0.354541415,0.354541415,0.354541415,4.169657942,0.066666847,0.122066283,0.177465719,8.182812718,25.97615261,0,0.173333333,0.5,-7.96E-15,1.98E-16,7.96E-15,-3,-2.04,-2,7,13,67,34,10,5.076923077,2.555884266,2,7.647058824,3.243838983,18,15,16.5,1.5
59_knn,0.758704034,0.354541415,0.354541415,0.354541415,3.992032583,0.057520177,0.05955014,0.061580103,12.74059193,54.29590168,0,0.173333333,0.5,-7.96E-15,1.98E-16,7.96E-15,-3,-2.04,-2,7,15,211,106,28,14,8.610071622,3,9.462264151,2.852256731,56,49,52.5,3.5
59_nb,0.987849985,0.354541415,0.354541415,0.354541415,3.996782214,0.083060783,0.28394646,0.484832138,3.479000879,10.59682951,0,0.173333333,0.5,-7.96E-15,1.98E-16,7.96E-15,-3,-2.04,-2,8,14,185,93,24,13.14285714,8.373914794,3,8.387096774,2.523149841,51,41,46,5
5_dt,0.998845536,0.354541415,0.354541415,0.354541415,3.792301457,0,0.499422768,0.998845536,2,5.593369186,0,0.173333333,0.5,-7.96E-15,1.98E-16,7.96E-15,-3,-2.04,-2,3,1,3,2,2,2,0,1,1,0,1,0,0.5,0.5
5_knn,0.998845536,0.354541415,0.354541415,0.354541415,3.792301457,0,0.499422768,0.998845536,2,5.593369186,0,0.173333333,0.5,-7.96E-15,1.98E-16,7.96E-15,-3,-2.04,-2,3,1,3,2,2,2,0,1,1,0,1,0,0.5,0.5
5_nb,0.998845536,0.354541415,0.354541415,0.354541415,3.792301457,0,0.499422768,0.998845536,2,5.593369186,0,0.173333333,0.5,-7.96E-15,1.98E-16,7.96E-15,-3,-2.04,-2,3,1,3,2,2,2,0,1,1,0,1,0,0.5,0.5
60_dt,0.999022902,0.354541415,0.354541415,0.354541415,4.189786247,0.097705268,0.102115344,0.106525421,9.783278984,31.24665903,0,0.173333333,0.5,-7.96E-15,1.98E-16,7.96E-15,-3,-2.04,-2,6,19,195,98,26,10.21052632,7.647352121,1,12.44897959,3.61155303,65,32,48.5,16.5
60_knn,0.993117666,0.354541415,0.354541415,0.354541415,4.198153307,0.080947824,0.087843048,0.094738272,11.30559208,36.48593396,0,0.173333333,0.5,-7.96E-15,1.98E-16,7.96E-15,-3,-2.04,-2,9,15,413,207,62,27.46666667,22.65646829,3,9.589371981,2.256602356,103,103,103,0
60_nb,0.955167892,0.354541415,0.354541415,0.354541415,4.031948575,0.067779467,0.216098006,0.364416545,4.420068054,14.23789485,0,0.173333333,0.5,-7.96E-15,1.98E-16,7.96E-15,-3,-2.04,-2,10,17,299,150,34,17.52941176,10.72719275,3,10.24,3.190987308,83,66,74.5,8.5
61_dt,0.999776544,0.354541415,0.354541415,0.354541415,4.230553467,0.049426473,0.062101767,0.07477706,16.09900329,52.02391337,0,0.173333333,0.5,-7.96E-15,1.98E-16,7.96E-15,-3,-2.04,-2,9,14,131,66,14,9.285714286,3.749829928,3,8.833333333,3.184162196,37,28,32.5,4.5
61_knn,0.99844641,0.354541415,0.354541415,0.354541415,4.205691144,0.019627081,0.085633955,0.151640829,11.65946857,37.4529557,0,0.173333333,0.5,-7.96E-15,1.98E-16,7.96E-15,-3,-2.04,-2,14,14,311,156,46,22.14285714,16.56958118,3,9.08974359,2.219874664,86,69,77.5,8.5
61_nb,0.97954382,0.354541415,0.354541415,0.354541415,3.980965467,0.003020025,0.291457042,0.579894059,3.360851438,10.2979898,0,0.173333333,0.5,-7.96E-15,1.98E-16,7.96E-15,-3,-2.04,-2,11,14,257,129,42,18.28571429,12.48672765,3,9.124031008,2.420864577,70,58,64,6
62_dt,0.98255444,0.354541415,0.354541415,0.354541415,4.075769464,0.079393153,0.199663665,0.319934178,4.921047797,15.49212782,0,0.173333333,0.5,-7.96E-15,1.98E-16,7.96E-15,-3,-2.04,-2,4,19,151,76,20,7.894736842,6.068856971,1,13.65789474,3.991941328,43,32,37.5,5.5
62_knn,0.882266616,0.354541415,0.354541415,0.354541415,4.075819133,0.076085632,0.099326172,0.122566713,8.882519021,32.15217539,0,0.173333333,0.5,-7.96E-15,1.98E-16,7.96E-15,-3,-2.04,-2,9,16,325,163,48,20.25,15.68239459,3,9.386503067,2.586717259,86,76,81,5
62_nb,0.886125647,0.354541415,0.354541415,0.354541415,3.985836685,0.17504362,0.193167652,0.211291683,4.587339753,16.04673977,0,0.173333333,0.5,-7.96E-15,1.98E-16,7.96E-15,-3,-2.04,-2,6,14,275,138,46,19.57142857,13.2055956,2,9.471014493,2.479457716,70,67,68.5,1.5
63_dt,0.977126285,0.354541415,0.354541415,0.354541415,4.190801995,0.074944812,0.07920298,0.083461148,12.33698891,40.57518684,0,0.173333333,0.5,-7.96E-15,1.98E-16,7.96E-15,-3,-2.04,-2,5,18,181,91,22,10,5.734883511,1,11.78021978,3.868163087,48,42,45,3
63_knn,0.874337393,0.354541415,0.354541415,0.354541415,4.069055859,0.047108375,0.098160223,0.149212072,8.907247378,32.54595756,0,0.173333333,0.5,-7.96E-15,1.98E-16,7.96E-15,-3,-2.04,-2,7,15,357,179,56,23.73333333,17.72180076,3,9.782122905,2.456894067,101,77,89,12
63_nb,0.746800859,0.354541415,0.354541415,0.354541415,3.902977317,0.084742298,0.136702231,0.188662163,5.46297493,23.08796605,0,0.173333333,0.5,-7.96E-15,1.98E-16,7.96E-15,-3,-2.04,-2,8,14,299,150,42,21.28571429,12.79748062,3,9.52,2.581265839,77,72,74.5,2.5
64_dt,0.999909512,0.354541415,0.354541415,0.354541415,4.218278756,0.033956232,0.074509445,0.115062659,13.41990279,43.19411093,0,0.173333333,0.5,-7.96E-15,1.98E-16,7.96E-15,-3,-2.04,-2,4,16,139,70,24,8.625,6.697714162,1,11.05714286,3.134534435,36,33,34.5,1.5
64_knn,0.9846534,0.354541415,0.354541415,0.354541415,4.18390734,0.039286076,0.093624749,0.147963423,10.5170204,34.17102804,0,0.173333333,0.5,-7.96E-15,1.98E-16,7.96E-15,-3,-2.04,-2,7,14,361,181,62,25.71428571,20.11193168,3,9.392265193,2.19636713,98,82,90,8
64_nb,0.928595094,0.354541415,0.354541415,0.354541415,4.006155552,0.108475703,0.215318231,0.32216076,4.312663579,14.29307885,0,0.173333333,0.5,-7.96E-15,1.98E-16,7.96E-15,-3,-2.04,-2,11,17,311,156,34,18.23529412,10.46860523,3,10.17948718,3.31756626,89,66,77.5,11.5
65_dt,0.999953833,0.354541415,0.354541415,0.354541415,4.192080231,0.038751479,0.100752291,0.162753104,9.924874357,31.68291613,0,0.173333333,0.5,-7.96E-15,1.98E-16,7.96E-15,-3,-2.04,-2,7,17,145,73,18,8.470588235,4.577665049,1,11.46575342,3.828810008,44,28,36,8
65_knn,0.99773667,0.354541415,0.354541415,0.354541415,4.246278205,0.016513356,0.044337154,0.072160952,22.50339895,73.2690582,0,0.173333333,0.5,-7.96E-15,1.98E-16,7.96E-15,-3,-2.04,-2,7,16,369,185,50,23,17.87456293,2,10.03783784,2.549759008,98,86,92,6
65_nb,0.947867757,0.354541415,0.354541415,0.354541415,4.023501442,0.097861835,0.217245005,0.336628174,4.363127976,14.15744261,0,0.173333333,0.5,-7.96E-15,1.98E-16,7.96E-15,-3,-2.04,-2,8,16,291,146,38,18.125,11.79976165,2,10.60958904,2.977940098,77,68,72.5,4.5
66_dt,0.995561641,0.354541415,0.354541415,0.354541415,4.190540097,0.079874821,0.097900233,0.115925646,10.16914471,32.63504432,0,0.173333333,0.5,-7.96E-15,1.98E-16,7.96E-15,-3,-2.04,-2,5,18,171,86,22,9.444444444,6.282446641,1,12.41860465,3.90129709,43,42,42.5,0.5
66_knn,0.999584464,0.354541415,0.354541415,0.354541415,4.21872684,0.056162982,0.073736313,0.091309644,13.55620349,43.65749039,0,0.173333333,0.5,-7.96E-15,1.98E-16,7.96E-15,-3,-2.04,-2,8,15,407,204,62,27.06666667,19.55323219,3,9.637254902,2.466597306,120,83,101.5,18.5
66_nb,0.842038026,0.354541415,0.354541415,0.354541415,3.956161114,0.099221096,0.178755601,0.258290105,4.710554653,17.4211218,0,0.173333333,0.5,-7.96E-15,1.98E-16,7.96E-15,-3,-2.04,-2,9,18,291,146,30,16.11111111,8.15058886,3,10.89726027,3.770341091,78,67,72.5,5.5
67_dt,0.989023347,0.354541415,0.354541415,0.354541415,4.223160426,0.043868281,0.058741611,0.073614941,16.83684415,55.05700355,0,0.173333333,0.5,-7.96E-15,1.98E-16,7.96E-15,-3,-2.04,-2,10,17,179,90,18,10.47058824,5.018995061,2,9.844444444,3.770974266,59,30,44.5,14.5
67_knn,0.886125647,0.354541415,0.354541415,0.354541415,4.058923684,0.108162695,0.120080653,0.131998611,7.379420631,26.42222506,0,0.173333333,0.5,-7.96E-15,1.98E-16,7.96E-15,-3,-2.04,-2,10,16,351,176,52,21.875,15.43484289,3,9.585227273,2.849164143,88,87,87.5,0.5
67_nb,0.992183779,0.354541415,0.354541415,0.354541415,4.041063108,0.015564419,0.243999361,0.472434302,4.066337617,12.49543982,0,0.173333333,0.5,-7.96E-15,1.98E-16,7.96E-15,-3,-2.04,-2,9,17,311,156,42,18.23529412,14.10685862,3,9.66025641,2.763073342,92,63,77.5,14.5
68_dt,0.9787532,0.354541415,0.354541415,0.354541415,4.197821377,0.052245925,0.073810512,0.0953751,13.26034962,43.61259763,0,0.173333333,0.5,-7.96E-15,1.98E-16,7.96E-15,-3,-2.04,-2,6,19,177,89,18,9.263157895,5.738531861,2,12.19101124,3.951607281,44,44,44,0
68_knn,0.916147712,0.354541415,0.354541415,0.354541415,4.070438101,0.138167647,0.1385883,0.139008952,6.610570396,22.76014927,0,0.173333333,0.5,-7.96E-15,1.98E-16,7.96E-15,-3,-2.04,-2,8,15,361,181,52,24,17.76888667,3,9.519337017,2.405314466,98,82,90,8
68_nb,0.909525101,0.354541415,0.354541415,0.354541415,4.006662279,0.14943766,0.195741512,0.242045363,4.646562154,15.82258738,0,0.173333333,0.5,-7.96E-15,1.98E-16,7.96E-15,-3,-2.04,-2,12,13,289,145,48,22.15384615,16.04726746,4,8.565517241,2.053806535,88,56,72,16
69_dt,0.98661652,0.354541415,0.354541415,0.354541415,4.215148245,0.030616689,0.064346965,0.09807724,15.33275929,50.17379986,0,0.173333333,0.5,-7.96E-15,1.98E-16,7.96E-15,-3,-2.04,-2,4,19,177,89,20,9.263157895,5.919122492,1,12.24719101,3.790232565,49,39,44,5
69_knn,0.728282112,0.354541415,0.354541415,0.354541415,3.908513205,0.095272323,0.112647596,0.13002287,6.465136736,28.23168184,0,0.173333333,0.5,-7.96E-15,1.98E-16,7.96E-15,-3,-2.04,-2,8,14,283,142,38,20.14285714,13.48998117,3,8.894366197,2.378624725,76,65,70.5,5.5
69_nb,0.857621773,0.354541415,0.354541415,0.354541415,3.930522805,0.006671795,0.219977657,0.433283519,3.89867673,13.96915065,0,0.173333333,0.5,-7.96E-15,1.98E-16,7.96E-15,-3,-2.04,-2,8,16,253,127,30,15.75,10.34105894,3,9.330708661,2.834142563,65,61,63,2
6_dt,0.998845536,0.354541415,0.354541415,0.354541415,3.792301457,0,0.499422768,0.998845536,2,5.593369186,0,0.173333333,0.5,-7.96E-15,1.98E-16,7.96E-15,-3,-2.04,-2,3,1,3,2,2,2,0,1,1,0,1,0,0.5,0.5
6_knn,0.999998153,0.354541415,0.354541415,0.354541415,3.830806432,0.000259814,0.46207041,0.923881007,2.164168342,6.126356972,0,0.173333333,0.5,-7.96E-15,1.98E-16,7.96E-15,-3,-2.04,-2,4,13,39,20,4,2.923076923,0.997037031,1,7.45,3.323777971,17,2,9.5,7.5
6_nb,0.998845536,0.354541415,0.354541415,0.354541415,3.847399207,0,0.444325018,0.888650036,2.248006517,6.410968449,0,0.173333333,0.5,-7.96E-15,1.98E-16,7.96E-15,-3,-2.04,-2,3,1,3,2,2,2,0,1,1,0,1,0,0.5,0.5
70_dt,0.99773667,0.354541415,0.354541415,0.354541415,4.259086314,0.028865134,0.031529045,0.034192956,31.64500098,103.4395304,0,0.173333333,0.5,-7.96E-15,1.98E-16,7.96E-15,-3,-2.04,-2,17,13,289,145,46,22.15384615,14.89370623,3,8.772413793,2.161560189,74,70,72,2
70_knn,0.997470458,0.354541415,0.354541415,0.354541415,4.240161593,0.016667039,0.050187555,0.083708071,19.87485669,64.61145901,0,0.173333333,0.5,-7.96E-15,1.98E-16,7.96E-15,-3,-2.04,-2,11,16,479,240,74,29.875,25.04464763,3,9.733333333,2.333571416,130,109,119.5,10.5
70_nb,0.977947361,0.354541415,0.354541415,0.354541415,4.164989821,0.030510118,0.105836229,0.181162341,9.240194649,30.11296299,0,0.173333333,0.5,-7.96E-15,1.98E-16,7.96E-15,-3,-2.04,-2,16,17,467,234,62,27.41176471,21.20781993,4,9.824786325,2.723603884,129,104,116.5,12.5
71_dt,0.975438353,0.354541415,0.354541415,0.354541415,4.248480641,0.01638143,0.019836401,0.023291371,49.17416033,165.0018228,0,0.173333333,0.5,-7.96E-15,1.98E-16,7.96E-15,-3,-2.04,-2,12,18,341,171,42,18.88888889,12.04108194,2,10.92397661,3.357815093,91,79,85,6
71_knn,0.85977448,0.354541415,0.354541415,0.354541415,4.087220201,0.055322086,0.065432968,0.07554385,13.1397751,49.32445882,0,0.173333333,0.5,-7.96E-15,1.98E-16,7.96E-15,-3,-2.04,-2,14,15,475,238,58,31.6,20.26754384,4,9.962184874,2.622350334,119,118,118.5,0.5
71_nb,0.891783405,0.354541415,0.354541415,0.354541415,4.098786287,0.069266446,0.085875807,0.102485168,10.38457084,37.34466062,0,0.173333333,0.5,-7.96E-15,1.98E-16,7.96E-15,-3,-2.04,-2,11,16,489,245,66,30.5,21.17191536,4,9.951020408,2.772615537,123,121,122,1
72_dt,0.98255444,0.354541415,0.354541415,0.354541415,4.239119839,0.02024666,0.03631329,0.05237992,27.05770898,89.67971164,0,0.173333333,0.5,-7.96E-15,1.98E-16,7.96E-15,-3,-2.04,-2,8,15,361,181,52,24,18.38840214,2,9.79558011,2.391786664,91,89,90,1
72_knn,0.84658311,0.354541415,0.354541415,0.354541415,4.100377466,0.033328405,0.039084333,0.044840261,21.6604209,83.250604,0,0.173333333,0.5,-7.96E-15,1.98E-16,7.96E-15,-3,-2.04,-2,17,17,461,231,58,27.05882353,19.75279753,3,10.25108225,2.808025935,126,104,115,11
72_nb,0.653109112,0.354541415,0.354541415,0.354541415,3.925854887,0.012383403,0.020132915,0.027882426,32.4398689,162.5569785,0,0.173333333,0.5,-7.96E-15,1.98E-16,7.96E-15,-3,-2.04,-2,12,19,437,219,46,22.94736842,16.42037785,3,10.86757991,3.298788914,119,99,109,10
73_dt,0.996257297,0.354541415,0.354541415,0.354541415,4.269527449,0.014266808,0.019608537,0.024950266,50.80732428,166.9308708,0,0.173333333,0.5,-7.96E-15,1.98E-16,7.96E-15,-3,-2.04,-2,10,15,327,164,42,21.73333333,13.54236152,3,9.62195122,2.703386512,82,81,81.5,0.5
73_knn,0.999998153,0.354541415,0.354541415,0.354541415,4.214467628,0.054835596,0.078409215,0.101982834,12.75357944,40.99606749,0,0.173333333,0.5,-7.96E-15,1.98E-16,7.96E-15,-3,-2.04,-2,9,15,545,273,84,36.26666667,27.49901008,2,10.23443223,2.372766995,142,130,136,6
73_nb,0.944003299,0.354541415,0.354541415,0.354541415,4.126368312,0.007877951,0.110513676,0.213149402,8.54195906,28.79611932,0,0.173333333,0.5,-7.96E-15,1.98E-16,7.96E-15,-3,-2.04,-2,14,15,485,243,72,32.26666667,23.16165413,2,10.17695473,2.457365636,142,100,121,21
74_dt,0.999998153,0.354541415,0.354541415,0.354541415,4.26493361,0.022561834,0.027943232,0.033324631,35.78677455,116.8417249,0,0.173333333,0.5,-7.96E-15,1.98E-16,7.96E-15,-3,-2.04,-2,11,15,321,161,48,21.33333333,15.13788478,2,10.41614907,2.636483179,98,62,80,18
74_knn,0.958605078,0.354541415,0.354541415,0.354541415,4.18668379,0.05225427,0.064799978,0.077345685,14.79329329,49.81604648,0,0.173333333,0.5,-7.96E-15,1.98E-16,7.96E-15,-3,-2.04,-2,17,13,485,243,76,37.23076923,27.24858174,4,9.308641975,1.989532124,128,114,121,7
74_nb,0.960818175,0.354541415,0.354541415,0.354541415,4.128266842,0.018654431,0.125430023,0.232205615,7.660192928,25.25271534,0,0.173333333,0.5,-7.96E-15,1.98E-16,7.96E-15,-3,-2.04,-2,12,18,463,232,54,25.66666667,19.37065363,4,10.39224138,2.925295472,128,103,115.5,12.5
75_dt,0.999022902,0.354541415,0.354541415,0.354541415,4.265026117,0.024463402,0.026875474,0.029287546,37.17228947,121.5235574,0,0.173333333,0.5,-7.96E-15,1.98E-16,7.96E-15,-3,-2.04,-2,10,18,319,160,46,17.66666667,14.06729856,2,9.9625,2.993508602,83,76,79.5,3.5
75_knn,0.995561641,0.354541415,0.354541415,0.354541415,4.202306537,0.061401891,0.086133794,0.110865696,11.55831641,37.22981142,0,0.173333333,0.5,-7.96E-15,1.98E-16,7.96E-15,-3,-2.04,-2,14,15,525,263,84,34.93333333,25.9113017,3,9.882129278,2.395612282,145,117,131,14
75_nb,0.990136706,0.354541415,0.354541415,0.354541415,4.160080067,0.108966836,0.122935329,0.136903822,8.054126642,25.7854548,0,0.173333333,0.5,-7.96E-15,1.98E-16,7.96E-15,-3,-2.04,-2,13,18,479,240,66,26.55555556,19.37702598,4,10.60416667,3.153963005,131,108,119.5,11.5
76_dt,0.998653373,0.354541415,0.354541415,0.354541415,4.257036478,0.025521998,0.034495584,0.04346917,28.95017993,94.45797679,0,0.173333333,0.5,-7.96E-15,1.98E-16,7.96E-15,-3,-2.04,-2,11,17,321,161,36,18.82352941,10.78253105,2,11.65217391,3.450197347,90,70,80,10
76_knn,0.994806526,0.354541415,0.354541415,0.354541415,4.233315061,0.024374587,0.054370155,0.084365722,18.29692288,59.56408543,0,0.173333333,0.5,-7.96E-15,1.98E-16,7.96E-15,-3,-2.04,-2,17,15,527,264,84,35.06666667,27.6054745,4,9.659090909,2.305558321,134,129,131.5,2.5
76_nb,0.945307411,0.354541415,0.354541415,0.354541415,4.141206912,0.092522354,0.096979188,0.101436023,9.747528576,32.95448799,0,0.173333333,0.5,-7.96E-15,1.98E-16,7.96E-15,-3,-2.04,-2,12,17,465,233,58,27.29411765,21.51815842,3,10.0472103,2.632318685,127,105,116,11
77_dt,0.999953833,0.354541415,0.354541415,0.354541415,4.272528088,0.011502579,0.020304435,0.02910629,49.24805112,161.1753451,0,0.173333333,0.5,-7.96E-15,1.98E-16,7.96E-15,-3,-2.04,-2,13,15,325,163,44,21.6,15.54691824,2,9.687116564,2.475701481,91,71,81,10
77_knn,0.999776544,0.354541415,0.354541415,0.354541415,4.250817544,0.017404409,0.041837689,0.066270969,23.89655264,77.70603629,0,0.173333333,0.5,-7.96E-15,1.98E-16,7.96E-15,-3,-2.04,-2,16,14,529,265,82,37.71428571,28.53426154,4,9.547169811,2.125905248,137,127,132,5
77_nb,0.968073431,0.354541415,0.354541415,0.354541415,4.159431241,0.026674777,0.10152088,0.176366983,9.53570763,31.43548208,0,0.173333333,0.5,-7.96E-15,1.98E-16,7.96E-15,-3,-2.04,-2,11,16,519,260,76,32.375,24.312741,4,9.992307692,2.57800207,145,114,129.5,15.5
78_dt,0.996893552,0.354541415,0.354541415,0.354541415,4.262529641,0.011382112,0.0272426,0.043103088,36.5931862,119.8724069,0,0.173333333,0.5,-7.96E-15,1.98E-16,7.96E-15,-3,-2.04,-2,7,17,317,159,46,18.58823529,14.3036763,2,10.2327044,2.815489431,81,77,79,2
78_knn,0.966078098,0.354541415,0.354541415,0.354541415,4.17769157,0.028347879,0.081265217,0.134182554,11.88796557,39.52014902,0,0.173333333,0.5,-7.96E-15,1.98E-16,7.96E-15,-3,-2.04,-2,14,17,453,227,52,26.58823529,18.32728221,4,10.21145374,2.88994171,127,99,113,14
78_nb,0.97954382,0.354541415,0.354541415,0.354541415,4.12409683,0.002655017,0.148325679,0.293996341,6.604006977,21.20032775,0,0.173333333,0.5,-7.96E-15,1.98E-16,7.96E-15,-3,-2.04,-2,21,20,453,227,48,22.6,14.12940197,3,11.70484581,3.877658059,118,108,113,5
79_dt,0.993562231,0.354541415,0.354541415,0.354541415,4.261942372,0.012725836,0.024498548,0.036271261,40.55596325,133.4111752,0,0.173333333,0.5,-7.96E-15,1.98E-16,7.96E-15,-3,-2.04,-2,13,16,331,166,38,20.625,11.39558577,2,10.3373494,3.128867182,83,82,82.5,0.5
79_knn,0.974571459,0.354541415,0.354541415,0.354541415,4.221495731,0.015418572,0.045954418,0.076490264,21.20735071,70.65532352,0,0.173333333,0.5,-7.96E-15,1.98E-16,7.96E-15,-3,-2.04,-2,11,13,475,238,80,36.46153846,28.01267676,4,9.336134454,1.941485661,120,117,118.5,1.5
79_nb,0.678323813,0.354541415,0.354541415,0.354541415,3.960692349,0.008035064,0.010510153,0.012985241,64.53986326,312.3045551,0,0.173333333,0.5,-7.96E-15,1.98E-16,7.96E-15,-3,-2.04,-2,13,18,499,250,74,27.66666667,25.85644128,3,10.248,2.533475084,134,115,124.5,9.5
7_dt,0.998845536,0.354541415,0.354541415,0.354541415,3.792301457,0,0.499422768,0.998845536,2,5.593369186,0,0.173333333,0.5,-7.96E-15,1.98E-16,7.96E-15,-3,-2.04,-2,3,1,3,2,2,2,0,1,1,0,1,0,0.5,0.5
7_knn,0.998845536,0.354541415,0.354541415,0.354541415,3.792301457,0,0.499422768,0.998845536,2,5.593369186,0,0.173333333,0.5,-7.96E-15,1.98E-16,7.96E-15,-3,-2.04,-2,3,1,3,2,2,2,0,1,1,0,1,0,0.5,0.5
7_nb,0.998845536,0.354541415,0.354541415,0.354541415,3.792301457,0,0.499422768,0.998845536,2,5.593369186,0,0.173333333,0.5,-7.96E-15,1.98E-16,7.96E-15,-3,-2.04,-2,3,1,3,2,2,2,0,1,1,0,1,0,0.5,0.5
80_dt,0.999953833,0.354541415,0.354541415,0.354541415,4.283179167,0.006149215,0.009653355,0.013157496,103.5861426,340.1123495,0,0.173333333,0.5,-7.96E-15,1.98E-16,7.96E-15,-3,-2.04,-2,13,17,607,304,82,35.64705882,28.00197719,3,10.625,2.670039671,162,141,151.5,10.5
80_knn,0.998224641,0.354541415,0.354541415,0.354541415,4.27643909,0.010503024,0.014664241,0.018825458,68.07203121,223.5516006,0,0.173333333,0.5,-7.96E-15,1.98E-16,7.96E-15,-3,-2.04,-2,23,15,667,334,98,44.4,34.20097464,4,10.2005988,2.299153633,172,161,166.5,5.5
80_nb,0.999998153,0.354541415,0.354541415,0.354541415,4.271411979,0.020207742,0.021464864,0.022721986,46.58767712,152.4078525,0,0.173333333,0.5,-7.96E-15,1.98E-16,7.96E-15,-3,-2.04,-2,17,17,703,352,104,41.29411765,34.40205997,4,10.53693182,2.536954087,177,174,175.5,1.5
81_dt,0.99773667,0.354541415,0.354541415,0.354541415,4.276792654,0.011453166,0.013822706,0.016192246,72.18099544,237.2224376,0,0.173333333,0.5,-7.96E-15,1.98E-16,7.96E-15,-3,-2.04,-2,17,16,585,293,82,36.5,27.38156314,4,10.03412969,2.520671333,148,144,146,2
81_knn,0.999466252,0.354541415,0.354541415,0.354541415,4.273889989,0.015972951,0.018454953,0.020936955,54.15707367,177.4279092,0,0.173333333,0.5,-7.96E-15,1.98E-16,7.96E-15,-3,-2.04,-2,11,16,661,331,86,41.25,30.93440641,3,10.54682779,2.539134287,175,155,165,10
81_nb,0.987240772,0.354541415,0.354541415,0.354541415,4.261686714,0.014308411,0.018432747,0.022557084,53.55906873,177.6428611,0,0.173333333,0.5,-7.96E-15,1.98E-16,7.96E-15,-3,-2.04,-2,17,17,699,350,104,41.05882353,32.12561849,3,11.33428571,2.759859505,175,174,174.5,0.5
82_dt,0.998845536,0.354541415,0.354541415,0.354541415,4.273611162,0.008141483,0.018113064,0.028084644,55.14503552,180.795789,0,0.173333333,0.5,-7.96E-15,1.98E-16,7.96E-15,-3,-2.04,-2,17,18,603,302,78,33.44444444,25.70607845,4,10.55629139,2.919756321,158,143,150.5,7.5
82_knn,0.99773667,0.354541415,0.354541415,0.354541415,4.270276501,0.009793636,0.020338859,0.030884082,49.05568631,160.9008591,0,0.173333333,0.5,-7.96E-15,1.98E-16,7.96E-15,-3,-2.04,-2,13,17,707,354,92,41.52941176,32.81699281,4,10.62711864,2.609619136,192,161,176.5,15.5
82_nb,0.99399189,0.354541415,0.354541415,0.354541415,4.253376465,0.011052127,0.033494115,0.055936103,29.67661299,97.3121567,0,0.173333333,0.5,-7.96E-15,1.98E-16,7.96E-15,-3,-2.04,-2,14,19,653,327,84,34.31578947,30.7195337,4,10.62996942,2.754049729,191,135,163,28
83_dt,0.996893552,0.354541415,0.354541415,0.354541415,4.272751433,0.005164471,0.017020808,0.028877146,58.5691072,192.4619445,0,0.173333333,0.5,-7.96E-15,1.98E-16,7.96E-15,-3,-2.04,-2,16,20,581,291,76,29,24.34337692,4,10.74570447,3.342521082,157,133,145,12
83_knn,0.998653373,0.354541415,0.354541415,0.354541415,4.27700063,0.008128577,0.014531432,0.020934288,68.72367086,225.603862,0,0.173333333,0.5,-7.96E-15,1.98E-16,7.96E-15,-3,-2.04,-2,20,17,621,311,84,36.47058824,31.2826162,3,10.18327974,2.426112669,168,142,155,13
83_nb,0.971878843,0.354541415,0.354541415,0.354541415,4.248269977,0.004809813,0.016487556,0.0281653,58.94620313,198.7190261,0,0.173333333,0.5,-7.96E-15,1.98E-16,7.96E-15,-3,-2.04,-2,14,18,633,317,70,35.11111111,22.25331159,3,11.48895899,3.284228326,189,127,158,31
84_dt,0.99844641,0.354541415,0.354541415,0.354541415,4.275877378,0.005146825,0.015447721,0.025748616,64.63389736,212.1627508,0,0.173333333,0.5,-7.96E-15,1.98E-16,7.96E-15,-3,-2.04,-2,11,22,563,282,58,25.54545455,16.99124714,3,12.24113475,4.152928915,167,114,140.5,26.5
84_knn,0.99844641,0.354541415,0.354541415,0.354541415,4.2756385,0.004111529,0.0156866,0.027261671,63.64963946,208.9166658,0,0.173333333,0.5,-7.96E-15,1.98E-16,7.96E-15,-3,-2.04,-2,20,21,633,317,60,30.0952381,19.56163583,4,12.02839117,3.869619794,183,133,158,25
84_nb,0.994406653,0.354541415,0.354541415,0.354541415,4.261356731,0.007661163,0.025928611,0.044196059,38.35171266,125.9978806,0,0.173333333,0.5,-7.96E-15,1.98E-16,7.96E-15,-3,-2.04,-2,18,20,661,331,80,33,27.39708014,3,11.48640483,3.176903441,174,156,165,9
85_dt,0.999584464,0.354541415,0.354541415,0.354541415,4.27109857,0.014548793,0.021364583,0.028180374,46.786986,153.1279148,0,0.173333333,0.5,-7.96E-15,1.98E-16,7.96E-15,-3,-2.04,-2,12,19,587,294,78,30.84210526,25.99850837,3,11.36394558,2.955484826,154,139,146.5,7.5
85_knn,0.99844641,0.354541415,0.354541415,0.354541415,4.251510248,0.027318216,0.039814851,0.052311487,25.07723573,81.70478445,0,0.173333333,0.5,-7.96E-15,1.98E-16,7.96E-15,-3,-2.04,-2,20,20,645,323,94,32.2,26.37347152,4,11.05882353,3.240553001,162,160,161,1
85_nb,0.999022902,0.354541415,0.354541415,0.354541415,4.252327692,0.015551733,0.039573899,0.063596065,25.2444901,82.2083462,0,0.173333333,0.5,-7.96E-15,1.98E-16,7.96E-15,-3,-2.04,-2,15,18,641,321,80,35.55555556,28.04405705,4,10.85669782,2.803762547,162,158,160,2
86_dt,0.999776544,0.354541415,0.354541415,0.354541415,4.26619065,0.024907827,0.026464584,0.02802134,37.77790577,123.4258646,0,0.173333333,0.5,-7.96E-15,1.98E-16,7.96E-15,-3,-2.04,-2,14,20,593,297,74,29.6,25.98922854,3,10.8956229,3.01386488,153,143,148,5
86_knn,0.999687894,0.354541415,0.354541415,0.354541415,4.264879309,0.01988264,0.027687274,0.035491908,36.10640399,117.9311274,0,0.173333333,0.5,-7.96E-15,1.98E-16,7.96E-15,-3,-2.04,-2,16,16,649,325,88,40.5,27.04163457,4,10.68307692,2.764810147,195,129,162,33
86_nb,0.999333257,0.354541415,0.354541415,0.354541415,4.260051294,0.026163078,0.032160652,0.038158226,31.07316525,101.3884305,0,0.173333333,0.5,-7.96E-15,1.98E-16,7.96E-15,-3,-2.04,-2,11,17,653,327,90,38.35294118,31.34052287,3,10.58409786,2.632098562,175,151,163,12
87_dt,0.99718942,0.354541415,0.354541415,0.354541415,4.274787575,0.013202472,0.015280535,0.017358597,65.2588039,214.4949905,0,0.173333333,0.5,-7.96E-15,1.98E-16,7.96E-15,-3,-2.04,-2,12,16,581,291,68,36.25,24.08189154,4,10.71134021,2.778014184,173,117,145,28
87_knn,0.996582846,0.354541415,0.354541415,0.354541415,4.271140799,0.015092282,0.018320736,0.02154919,54.39644146,178.7350653,0,0.173333333,0.5,-7.96E-15,1.98E-16,7.96E-15,-3,-2.04,-2,12,18,653,327,70,36.22222222,24.66566565,4,11.18960245,3.116614571,164,162,163,1
87_nb,0.981824531,0.354541415,0.354541415,0.354541415,4.253298147,0.019459947,0.021405073,0.0233502,45.86877647,152.8363646,0,0.173333333,0.5,-7.96E-15,1.98E-16,7.96E-15,-3,-2.04,-2,14,19,667,334,72,35.05263158,25.0924054,3,11.16467066,3.281203552,174,159,166.5,7.5
88_dt,0.999998153,0.354541415,0.354541415,0.354541415,4.281342139,0.009843308,0.011534704,0.0132261,86.69473969,284.475788,0,0.173333333,0.5,-7.96E-15,1.98E-16,7.96E-15,-3,-2.04,-2,11,17,543,272,70,31.88235294,23.07502432,3,10.875,2.889986515,174,97,135.5,38.5
88_knn,0.999998153,0.354541415,0.354541415,0.354541415,4.277370757,0.008764059,0.015506086,0.022248112,64.49068876,211.3604068,0,0.173333333,0.5,-7.96E-15,1.98E-16,7.96E-15,-3,-2.04,-2,11,19,643,322,100,33.78947368,32.54079051,4,10.16770186,2.75215562,207,114,160.5,46.5
88_nb,0.997470458,0.354541415,0.354541415,0.354541415,4.267328467,0.011185523,0.02302068,0.034855837,43.32932202,142.0400269,0,0.173333333,0.5,-7.96E-15,1.98E-16,7.96E-15,-3,-2.04,-2,9,18,657,329,74,36.44444444,24.25380204,3,11.49848024,3.184426981,165,163,164,1
89_dt,0.999776544,0.354541415,0.354541415,0.354541415,4.273052546,0.019209436,0.019602687,0.019995937,51.00201593,166.9809877,0,0.173333333,0.5,-7.96E-15,1.98E-16,7.96E-15,-3,-2.04,-2,10,15,603,302,92,40.13333333,29.71389499,3,10.75165563,2.495276446,179,122,150.5,28.5
89_knn,0.99998338,0.354541415,0.354541415,0.354541415,4.273136461,0.017155455,0.019725609,0.022295763,50.69467785,165.9341988,0,0.173333333,0.5,-7.96E-15,1.98E-16,7.96E-15,-3,-2.04,-2,11,19,629,315,98,33.05263158,28.10782563,2,11.5047619,3.037722025,161,153,157,4
89_nb,0.998845536,0.354541415,0.354541415,0.354541415,4.266001239,0.009222323,0.025722986,0.042223649,38.83085475,127.0130806,0,0.173333333,0.5,-7.96E-15,1.98E-16,7.96E-15,-3,-2.04,-2,9,18,641,321,76,35.55555556,25.73847579,3,10.9470405,3.033612165,190,130,160,30
8_dt,0.998845536,0.354541415,0.354541415,0.354541415,3.847399207,0,0.444325018,0.888650036,2.248006517,6.410968449,0,0.173333333,0.5,-7.96E-15,1.98E-16,7.96E-15,-3,-2.04,-2,3,1,3,2,2,2,0,1,1,0,1,0,0.5,0.5
8_knn,0.998845536,0.354541415,0.354541415,0.354541415,3.847399207,0,0.444325018,0.888650036,2.248006517,6.410968449,0,0.173333333,0.5,-7.96E-15,1.98E-16,7.96E-15,-3,-2.04,-2,3,1,3,2,2,2,0,1,1,0,1,0,0.5,0.5
8_nb,0.998845536,0.354541415,0.354541415,0.354541415,3.847399207,0,0.444325018,0.888650036,2.248006517,6.410968449,0,0.173333333,0.5,-7.96E-15,1.98E-16,7.96E-15,-3,-2.04,-2,3,1,3,2,2,2,0,1,1,0,1,0,0.5,0.5
9_dt,0.998845536,0.354541415,0.354541415,0.354541415,3.847399207,0,0.444325018,0.888650036,2.248006517,6.410968449,0,0.173333333,0.5,-7.96E-15,1.98E-16,7.96E-15,-3,-2.04,-2,3,1,3,2,2,2,0,1,1,0,1,0,0.5,0.5
9_knn,0.998845536,0.354541415,0.354541415,0.354541415,3.847399207,0,0.444325018,0.888650036,2.248006517,6.410968449,0,0.173333333,0.5,-7.96E-15,1.98E-16,7.96E-15,-3,-2.04,-2,3,1,3,2,2,2,0,1,1,0,1,0,0.5,0.5
9_nb,0.998845536,0.354541415,0.354541415,0.354541415,3.847399207,0,0.444325018,0.888650036,2.248006517,6.410968449,0,0.173333333,0.5,-7.96E-15,1.98E-16,7.96E-15,-3,-2.04,-2,3,1,3,2,2,2,0,1,1,0,1,0,0.5,0.5
