#dataset,F1,F1v,F2,F3,F4,N1,N2,N3,N4,T1,LSC,L1,L2,L3,T2,T3,T4,C1,C2,Density,ClsCoef,Hubs
0_dt,6.116883117,11.98089231,0,1,1,0.0672,0.147928994,0.048,0,0.08,0.11346944,0,0,0,312.5,312.5,1,0.998845536,1.003205128,0.150051282,0.6736919,0.34753945
0_knn,6.116883117,11.98089231,0,1,1,0.0672,0.147928994,0.048,0,0.08,0.11346944,0,0,0,312.5,312.5,1,0.998845536,1.003205128,0.150051282,0.6736919,0.34753945
0_nb,6.116883117,11.98089231,0,1,1,0.0672,0.147928994,0.048,0,0.08,0.11346944,0,0,0,312.5,312.5,1,0.998845536,1.003205128,0.150051282,0.6736919,0.34753945
1_dt,6.116883117,11.98089231,0,1,1,0.0224,0.147928994,0,0,0.08,0.12066304,0,0,0,312.5,312.5,1,0.998845536,1.003205128,0.150805128,0.673665444,0.339411111
1_knn,6.116883117,11.98089231,0,1,1,0.0224,0.147928994,0,0,0.08,0.12066304,0,0,0,312.5,312.5,1,0.998845536,1.003205128,0.150805128,0.673665444,0.339411111
1_nb,6.116883117,11.98089231,0,1,1,0.0224,0.147928994,0,0,0.08,0.12066304,0,0,0,312.5,312.5,1,0.998845536,1.003205128,0.150805128,0.673665444,0.339411111
10_dt,6.116883117,11.98089231,0,1,1,0.0608,0.147928994,0.0544,0,0.08,0.11346944,0,0,0,312.5,312.5,1,0.998845536,1.003205128,0.149774359,0.674923893,0.34587241
10_knn,5.962025316,11.96163082,0,0.96,1,0.0416,0.147928994,0.0224,0.0032,0.0768,0.11684608,0,0,0.0016,312.5,312.5,1,0.999998153,1.00000512,0.15,0.675021062,0.343480947
12_dt,6.116883117,11.98089231,0,1,1,0.0256,0.147928994,0,0,0.08,0.12066304,0,0,0,312.5,312.5,1,0.998845536,1.003205128,0.150553846,0.674673348,0.347904035
12_knn,6.527478214,4.82145258,0.354166667,0.48,0.6256,0.0544,0.124007937,0.0336,0.0496,0.0544,0.16611584,0.064886566,0.096,0.04,312.5,312.5,1,0.800321393,1.716597585,0.147117949,0.671026492,0.428971935
12_nb,inf,0.024472322,0,0.96,0.9904,0.016,0.097185508,0.0064,0.0176,0.0288,0.21852416,0.0096,0.0096,0.008,312.5,312.5,1,0.078129578,51.58817986,0.164948718,0.637412021,0.751421421
13_dt,3.64575408,5.336177848,0.229166667,0.52,1,0.0464,0.12618615,0.032,0.04,0.072,0.1584256,0.05305727,0.08,0.0736,312.5,312.5,1,0.810643524,1.669516429,0.150846154,0.6711877,0.422764526
15_dt,6.116883117,11.98089231,0,1,1,0.0256,0.147928994,0,0,0.08,0.12066304,0,0,0,312.5,312.5,1,0.998845536,1.003205128,0.150574359,0.674645919,0.347997688
15_knn,4.986399479,7.466537254,0.439236111,0.52,0.7888,0.0528,0.127317173,0.0304,0.0288,0.0592,0.15889664,0.029595523,0.0592,0.0288,312.5,312.5,1,0.935841553,1.192059484,0.146764103,0.670029693,0.383258531
15_nb,0.055353184,0.072488515,0.916666667,0.08,0.1536,0.12,0.216038714,0.08,0.1824,0.0816,0.06427136,0.2538115,0.4016,0.4176,312.5,312.5,1,0.997470458,1.007033931,0.120066667,0.711022179,0.209088027
16_dt,6.761538462,11.53806429,0,1,1,0.0224,0.14619883,0.0048,0,0.08,0.12191744,0,0,0,312.5,312.5,1,0.989587521,1.029220779,0.150353846,0.674909387,0.367162845
16_knn,3.590279521,9.735600242,0.458333333,0.52,0.5776,0.0576,0.136314068,0.032,0.024,0.056,0.13768448,0,0,0.0256,312.5,312.5,1,0.992658185,1.020529877,0.146015385,0.673820783,0.310624096
16_nb,6.736527666,2.310219352,0.229166667,0.52,0.7504,0.0544,0.11868591,0.0368,0.0928,0.0592,0.18189312,0.169571696,0.1696,0.1872,312.5,312.5,1,0.65678893,2.550232668,0.145682051,0.669075058,0.476720462
17_dt,1.000033472,0.005672618,0.041666667,0.92,0.92,0.0768,0.171232877,0.056,0.0816,0.16,0.0912256,0.080001946,0.08,0.0784,312.5,312.5,1,0.40217919,5.793478261,0.147123077,0.656327502,0.58749163
18_dt,3.625066315,5.329037823,0.210069444,0.52,1,0.0512,0.120192308,0.032,0.0384,0.0688,0.17437952,0.045725092,0.0768,0.0608,312.5,312.5,1,0.778707942,1.819827039,0.1514,0.670007434,0.453713584
2_dt,6.116883117,11.98089231,0,1,1,0.064,0.147928994,0.048,0,0.08,0.11346944,0,0,0,312.5,312.5,1,0.998845536,1.003205128,0.150051282,0.6736919,0.34753945
2_knn,6.116883117,11.98089231,0,1,1,0.064,0.147928994,0.048,0,0.08,0.11346944,0,0,0,312.5,312.5,1,0.998845536,1.003205128,0.150051282,0.6736919,0.34753945
2_nb,6.116883117,11.98089231,0,1,1,0.064,0.147928994,0.048,0,0.08,0.11346944,0,0,0,312.5,312.5,1,0.998845536,1.003205128,0.150051282,0.6736919,0.34753945
20_dt,4.975360395,5.306526338,0.190972222,0.56,1,0.0128,0.114217836,0.0016,0.0384,0.0656,0.19527424,0.043145765,0.0736,0.0432,312.5,312.5,1,0.743770243,2.001298482,0.152271795,0.668060068,0.452273839
21_dt,0.03173475,0.011793065,0.166666667,0.8,0.88,0.0496,0.202003878,0.032,0.1264,0.1632,0.07269376,0.16480023,0.1648,0.1392,312.5,312.5,1,0.645670004,2.632639586,0.135092308,0.694749865,0.418719711
21_knn,2.911656468,3.423743178,0.53125,0.28,0.4528,0.0592,0.162814853,0.0352,0.0912,0.104,0.101632,0.089310213,0.0864,0.0864,312.5,312.5,1,0.698954393,2.264675893,0.146128205,0.673181599,0.540257736
21_nb,0.007975709,0.002210569,0.5,0.48,0.5216,0.1088,0.218881119,0.064,0.1904,0.1072,0.0644608,0.272000042,0.272,0.2704,312.5,312.5,1,0.844319894,1.525048481,0.127507692,0.7104182,0.339279357
22_dt,3.857329843,6.949927405,0.5,0.48,0.9584,0.0768,0.185680333,0.0096,0.0704,0.1424,0.08431616,0.08322344,0.0576,0.0304,312.5,312.5,1,0.998653373,1.003739459,0.141794872,0.6857886,0.32898293
22_knn,4.491274948,1.45338526,0.135416667,0.72,0.888,0.0592,0.122217884,0.0416,0.0736,0.0688,0.16797184,0.097599989,0.0976,0.1104,312.5,312.5,1,0.461341275,4.677028834,0.149112821,0.663239566,0.511215369
22_nb,0.207302026,0.446624924,0.666666667,0.32,0.3472,0.0944,0.202790396,0.0528,0.1632,0.0976,0.0748288,0.276799974,0.2768,0.3216,312.5,312.5,1,0.851053861,1.497730063,0.129102564,0.697235215,0.420553357
23_dt,6.761538462,11.53806429,0,1,1,0.064,0.14619883,0.0416,0,0.08,0.11723776,0,0,0,312.5,312.5,1,0.989587521,1.029220779,0.149676923,0.675331728,0.367413741
24_dt,2.571740794,0.731272036,0,0.96,1,0.0352,0.106600716,0.0224,0.0208,0.0624,0.2055552,0.020800432,0.0208,0.0272,312.5,312.5,1,0.145909058,23.54908245,0.161497436,0.639074725,0.684672781
24_knn,2.679982034,1.129241261,0.229166667,0.52,0.7504,0.0784,0.115221793,0.0496,0.088,0.0816,0.1883008,0.047999799,0.048,0.0608,312.5,312.5,1,0.277839574,9.941876751,0.154010256,0.64055598,0.55937933
25_dt,2.730148035,4.016973397,0.5,0.48,0.48,0.1088,0.178113423,0.0688,0.0656,0.1232,0.0857984,0.094252543,0.1024,0.0928,312.5,312.5,1,0.839737437,1.543926487,0.145189744,0.677527854,0.404794957
25_knn,2.393772565,0.261313497,0.072916667,0.72,0.9104,0.0384,0.101114521,0.0208,0.0496,0.0384,0.21522432,0.023999499,0.024,0.024,312.5,312.5,1,0.163345543,20.34562842,0.160435897,0.642003339,0.66159989
25_nb,2.612919412,0.104792277,0.006944444,0.92,0.984,0.0144,0.094140684,0.0128,0.0304,0.024,0.23913984,0.012799476,0.0128,0.0128,312.5,312.5,1,0.098830522,38.56898298,0.163774359,0.638968874,0.761445416
26_dt,1.316727515,3.04048473,0.541666667,0.44,0.7088,0.1168,0.193918709,0.056,0.104,0.144,0.07364608,0.131894387,0.1296,0.144,312.5,312.5,1,0.891783405,1.342550614,0.140610256,0.68724888,0.369768727
26_knn,4.50000406,0.227223484,0.015625,0.92,0.968,0.0256,0.107726725,0.0112,0.0256,0.0464,0.1955968,0.017599284,0.0176,0.0176,312.5,312.5,1,0.127744407,27.91804856,0.1626,0.639209501,0.712629132
26_nb,0.019764049,0.004087419,0.458333333,0.52,0.5584,0.1264,0.21499828,0.0496,0.168,0.104,0.06518016,0.24959996,0.2496,0.2304,312.5,312.5,1,0.810643524,1.669516429,0.129092308,0.710005962,0.313780956
27_dt,1.861843235,0.615580063,0,0.96,1,0.04,0.11232926,0.0256,0.032,0.0672,0.18543616,0.02239991,0.0224,0.0288,312.5,312.5,1,0.154711699,21.8328852,0.161046154,0.639601153,0.68449995
27_knn,2.954122008,8.088494908,0.541666667,0.44,0.4848,0.0992,0.161190965,0.0416,0.0816,0.0896,0.11025408,0.048709166,0.0736,0.0496,312.5,312.5,1,0.998845536,1.003205128,0.141338462,0.671694968,0.270572781
27_nb,0.303264192,0.037256159,0,0.96,0.9856,0.024,0.108718305,0.0176,0.0224,0.04,0.18743552,0.012801504,0.0128,0.0144,312.5,312.5,1,0.098830522,38.56898298,0.163830769,0.638573992,0.780442443
28_dt,5.870331008,11.1248128,0.041666667,0.92,0.9552,0.0704,0.159764826,0.04,0.0128,0.1232,0.10320896,0.014518075,0.0432,0.0144,312.5,312.5,1,0.995916897,1.011374403,0.148487179,0.674050619,0.329875655
28_knn,0.500000198,0.008615784,0.006944444,0.88,0.9856,0.0112,0.090764791,0.0144,0.0096,0.0176,0.24558848,0.004800487,0.0048,0.0048,312.5,312.5,1,0.043881489,103.6690782,0.166302564,0.635708411,0.762849344
28_nb,0.003741553,0.003449343,0.583333333,0.4,0.448,0.112,0.225620727,0.0608,0.2224,0.0912,0.06083328,0.310399239,0.3104,0.3312,312.5,312.5,1,0.89363465,1.335882747,0.125374359,0.71382149,0.307500278
29_dt,8.157467532,10.74385314,0,1,1,0.0064,0.142857143,0,0,0.08,0.13434368,0,0,0,312.5,312.5,1,0.970950594,1.083333333,0.149876923,0.676059328,0.389720883
3_dt,6.116883117,11.98089231,0,1,1,0.0288,0.147928994,0,0,0.08,0.12066304,0,0,0,312.5,312.5,1,0.998845536,1.003205128,0.150558974,0.674695466,0.347894386
3_knn,6.116883117,11.98089231,0,1,1,0.0288,0.147928994,0,0,0.08,0.12066304,0,0,0,312.5,312.5,1,0.998845536,1.003205128,0.150558974,0.674695466,0.347894386
3_nb,6.116883117,11.98089231,0,1,1,0.0288,0.147928994,0,0,0.08,0.12066304,0,0,0,312.5,312.5,1,0.998845536,1.003205128,0.150558974,0.674695466,0.347894386
30_dt,1.766549048,3.190328721,0.583333333,0.4,0.88,0.128,0.219221326,0.0768,0.1376,0.1568,0.05873664,0.161246431,0.1456,0.1008,312.5,312.5,1,0.999776544,1.000619712,0.132353846,0.710305506,0.283131645
30_knn,2.369856255,1.669166018,0.286458333,0.52,0.6928,0.056,0.121142419,0.0352,0.0352,0.0528,0.1652736,0.028800006,0.0288,0.0224,312.5,312.5,1,0.188337751,16.87593813,0.159302564,0.635045519,0.650615367
30_nb,0.046696757,0.018081366,0.541666667,0.44,0.4848,0.104,0.21462585,0.0736,0.192,0.0912,0.06739968,0.256000021,0.256,0.2528,312.5,312.5,1,0.820650129,1.625168011,0.128882051,0.703087656,0.33729846
31_dt,0.018013522,0.001094364,0.166666667,0.8,0.8,0.16,0.214334705,0.1408,0.1792,0.224,0.06514432,0.151996825,0.152,0.1328,312.5,312.5,1,0.614822757,2.879096326,0.135169231,0.684365168,0.468598744
31_knn,1.568978134,0.659049787,0.130208333,0.76,0.8464,0.0784,0.142466378,0.0496,0.08,0.0912,0.12096512,0.0672,0.0672,0.0832,312.5,312.5,1,0.355386635,6.976496774,0.151379487,0.655313587,0.545884817
31_nb,0,NA,0.75,0.24,0.3008,0.1264,0.2352277,0.0896,0.2112,0.1152,0.0547712,0.388800001,0.3888,0.376,312.5,312.5,1,0.964020778,1.104071058,0.121512821,0.713577934,0.382608317
32_dt,0.224671565,0.083098939,0.541666667,0.44,0.44,0.1536,0.216113416,0.0816,0.1312,0.2272,0.06488064,0.115200013,0.1152,0.112,312.5,312.5,1,0.515404178,3.905377235,0.138353846,0.667987753,0.411458775
32_knn,3.47303032,1.455787434,0.170138889,0.68,0.808,0.048,0.13662033,0.04,0.0848,0.0784,0.13938944,0.080000017,0.08,0.0944,312.5,312.5,1,0.40217919,5.793478261,0.149466667,0.654140569,0.507197893
32_nb,3.713712006,1.468128049,0.194444444,0.64,0.7984,0.064,0.144658414,0.0512,0.0816,0.0832,0.12914944,0.123200013,0.1232,0.1248,312.5,312.5,1,0.538489747,3.628697033,0.146835897,0.669663173,0.480959885
33_dt,1.406214726,2.260752484,0.541666667,0.44,0.44,0.1792,0.215072264,0.096,0.1552,0.224,0.06448896,0.14880001,0.1568,0.1584,312.5,312.5,1,0.876346229,1.399416462,0.136533333,0.692383255,0.335670816
33_knn,1.55300862,0.830203025,0.361111111,0.44,0.6192,0.0816,0.145034642,0.0576,0.0896,0.112,0.12704,0.062400009,0.0624,0.0688,312.5,312.5,1,0.336899254,7.546096963,0.150082051,0.645359464,0.490938414
33_nb,4.329772424,0.339170796,0.125,0.72,0.8544,0.0688,0.137216405,0.0464,0.1296,0.0832,0.13303552,0.088000006,0.088,0.1056,312.5,312.5,1,0.429758609,5.230063796,0.147861538,0.664631568,0.448571284
34_dt,0.89601999,1.911715553,1,0,0,0.1872,0.232083179,0.1296,0.1984,0.176,0.05199104,0.173962582,0.1536,0.1344,312.5,312.5,1,0.904381458,1.297794118,0.133364103,0.699395456,0.284753616
34_knn,3.365317859,2.601595175,0.340277778,0.4,0.64,0.0896,0.147107051,0.064,0.1168,0.0912,0.12416768,0.092326342,0.1232,0.1216,312.5,312.5,1,0.634309555,2.720238095,0.144594872,0.664955816,0.455688613
34_nb,1.438068372,0.041997881,0.0625,0.8,0.92,0.0592,0.12265625,0.0448,0.0864,0.0576,0.1490688,0.047999996,0.048,0.0528,312.5,312.5,1,0.277839574,9.941876751,0.156071795,0.654002702,0.611169896
35_dt,4.950972673,0.091890595,0.125,0.84,0.84,0.1248,0.178113423,0.1056,0.1056,0.1392,0.08638208,0.108799652,0.1088,0.1136,312.5,312.5,1,0.496285752,4.156629528,0.140661538,0.665638486,0.415231416
35_knn,0.477624798,0.048042851,0.036458333,0.84,0.9488,0.0416,0.104989953,0.0304,0.0336,0.0416,0.19960832,0.017600443,0.0176,0.0176,312.5,312.5,1,0.127744407,27.91804856,0.162558974,0.640134064,0.7123505
35_nb,1.500000445,0.01938671,0.013888889,0.88,0.976,0.0144,0.093991672,0.0128,0.0224,0.0176,0.23841536,0.004799591,0.0048,0.0032,312.5,312.5,1,0.043881489,103.6690782,0.166241026,0.63562873,0.767892644
36_dt,0.211879031,0.103382085,0.583333333,0.4,0.4,0.152,0.22961058,0.0944,0.1728,0.1984,0.05570304,0.172799262,0.1728,0.1632,312.5,312.5,1,0.664070086,2.497967261,0.129261538,0.69137061,0.332524497
36_knn,6.285079789,6.165126954,0.583333333,0.4,0.424,0.088,0.160295617,0.056,0.0528,0.08,0.1109888,0.063614699,0.0944,0.0368,312.5,312.5,1,0.907827453,1.285800389,0.141471795,0.668816419,0.377202
36_nb,0.882458463,0.063691784,0.060763889,0.76,0.9232,0.0448,0.115412979,0.0288,0.072,0.0432,0.16900608,0.051202296,0.0512,0.0608,312.5,312.5,1,0.291472766,9.29260645,0.155841026,0.656133646,0.631256534
37_dt,2.205918797,4.683552374,1,0,0,0.2128,0.258906379,0.1584,0.1552,0.2496,0.0433664,0.123201643,0.1104,0.0816,312.5,312.5,1,0.995561641,1.012369148,0.132446154,0.694256513,0.307031486
37_knn,4.719526129,2.671429114,0.340277778,0.4,0.64,0.056,0.136383348,0.0368,0.0784,0.0688,0.14346496,0.090996068,0.1232,0.12,312.5,312.5,1,0.638123559,2.690433452,0.14565641,0.666153084,0.481774148
37_nb,3.825833565,1.851714988,0.286458333,0.52,0.7696,0.0704,0.146797569,0.0336,0.0848,0.0912,0.12653568,0.191986324,0.192,0.1776,312.5,312.5,1,0.705636606,2.222978548,0.143082051,0.676279928,0.444826487
38_dt,4.107941575,5.019529068,0.315972222,0.44,0.9104,0.032,0.14211005,0.008,0.056,0.0832,0.13192704,0.061755948,0.0896,0.0528,312.5,312.5,1,0.815685932,1.647012983,0.149671795,0.672963094,0.43826997
38_knn,8.87E-31,3.41E-32,0.010416667,0.88,0.9808,0.0096,0.092055116,0.0112,0.0112,0.0176,0.24300032,0.004799981,0.0048,0.0032,312.5,312.5,1,0.043881489,103.6690782,0.166261538,0.635530626,0.763511048
38_nb,8.87E-31,3.41E-32,0.010416667,0.88,0.9808,0.0096,0.092055116,0.0112,0.008,0.0176,0.24300032,0.004799981,0.0048,0.0048,312.5,312.5,1,0.043881489,103.6690782,0.166261538,0.635530626,0.763511048
39_dt,2.253999716,5.02822648,0.315972222,0.44,0.9104,0.1104,0.160627088,0.0496,0.0464,0.1456,0.1032192,0.069540868,0.1024,0.0896,312.5,312.5,1,0.868203979,1.430348166,0.146323077,0.674220892,0.381573679
39_knn,0.274470121,0.211838902,0.875,0.12,0.12,0.1776,0.261448793,0.1008,0.2848,0.1936,0.05151488,0.291200021,0.2912,0.2816,312.5,312.5,1,0.870266325,1.422450574,0.114702564,0.68307077,0.25072221
39_nb,3.566984726,0.665763817,0.21875,0.68,0.7568,0.1008,0.164397906,0.0688,0.1312,0.1056,0.10105856,0.167999874,0.168,0.184,312.5,312.5,1,0.653109112,2.577152015,0.136846154,0.682061358,0.388451829
40_dt,0.726456968,2.751680716,0.708333333,0.28,0.5104,0.0992,0.238185976,0.0352,0.1808,0.2032,0.05514752,0.150217081,0.1824,0.144,312.5,312.5,1,0.97954382,1.05808746,0.129112821,0.694357973,0.248421028
40_knn,1.473308982,6.235201246,0.833333333,0.16,0.1936,0.128,0.178480655,0.0912,0.08,0.1312,0.09287424,0.06617128,0.0896,0.0864,312.5,312.5,1,0.993117666,1.019234746,0.136641026,0.667077596,0.274582281
40_nb,1.748530257,4.605704579,0.5625,0.24,0.4832,0.072,0.177777778,0.0464,0.0768,0.088,0.089792,0.094394055,0.1376,0.104,312.5,312.5,1,0.956329327,1.127494445,0.140625641,0.683460183,0.309135004
41_dt,0.542894422,1.061865374,1,0,0,0.1696,0.31693712,0.088,0.264,0.3024,0.03311104,0.188754473,0.2528,0.2512,312.5,312.5,1,0.932991785,1.201299506,0.117164103,0.719004054,0.279421481
41_knn,0.039427687,0.102731312,1,0,0,0.152,0.287906137,0.1136,0.3056,0.1824,0.03834368,0.412799923,0.4128,0.4176,312.5,312.5,1,0.977947361,1.062738948,0.123333333,0.714812771,0.207296377
41_nb,4.435952915,9.30455873,0.5,0.48,0.48,0.0768,0.188964699,0.0688,0.0448,0.104,0.07747072,0.032372217,0.0368,0.0288,312.5,312.5,1,0.988444173,1.032472736,0.144276923,0.676306271,0.330764779
42_dt,0.007311917,0.025127515,1,0,0,0.2496,0.292740047,0.1488,0.2992,0.3168,0.036736,0.478345143,0.4784,0.4864,312.5,312.5,1,0.998653373,1.003739459,0.122035897,0.722869694,0.174886661
42_knn,0.307129121,0.574404881,1,0,0,0.2112,0.355307263,0.16,0.3152,0.2464,0.02732544,0.21574034,0.3056,0.2832,312.5,312.5,1,0.953990715,1.134702822,0.104789744,0.715161132,0.193504052
42_nb,0.347259695,0.04738657,0.1875,0.6,0.792,0.0576,0.147771877,0.0528,0.0672,0.0672,0.1148032,0.041599685,0.0416,0.0544,312.5,312.5,1,0.249580642,11.54093361,0.156497436,0.649938991,0.632547696
43_dt,3.448206405,7.16348163,0.25,0.72,0.8208,0.08,0.202327085,0.04,0.1152,0.1936,0.07225088,0.076727903,0.0992,0.0688,312.5,312.5,1,0.996893552,1.008643918,0.137087179,0.685171818,0.293852606
43_knn,2.383382082,4.464356857,0.75,0.24,0.24,0.1872,0.250687623,0.1104,0.1504,0.1888,0.05193984,0.122310474,0.1696,0.1232,312.5,312.5,1,0.993562231,1.017982973,0.127441026,0.679490175,0.289996885
43_nb,1.930258561,0.386614991,0.210069444,0.52,0.7696,0.1024,0.164586583,0.072,0.1808,0.1152,0.0976384,0.142400073,0.1424,0.1312,312.5,312.5,1,0.590489849,3.094258343,0.140794872,0.677852805,0.425754342
44_dt,2.084553223,4.127670612,0.625,0.36,0.5136,0.1168,0.23602719,0.0624,0.1408,0.2192,0.05630208,0.126947212,0.1712,0.104,312.5,312.5,1,0.999022902,1.002712153,0.1288,0.68469617,0.21458429
44_knn,1.180858901,1.913246662,0.791666667,0.2,0.2,0.104,0.228448276,0.0656,0.176,0.1232,0.06072064,0.157548425,0.1248,0.144,312.5,312.5,1,0.830346453,1.583361991,0.1362,0.683611939,0.329442461
44_nb,0.352477668,0.287166909,0.230902778,0.68,0.744,0.1216,0.186108638,0.064,0.1984,0.1232,0.0779136,0.168000027,0.168,0.168,312.5,312.5,1,0.653109112,2.577152015,0.137369231,0.6925216,0.398377797
45_dt,3.51235331,5.457709575,0.583333333,0.4,0.4,0.1936,0.240384615,0.1104,0.176,0.2832,0.05861376,0.09449036,0.1168,0.0752,312.5,312.5,1,0.975438353,1.070084791,0.132564103,0.678355737,0.317899272
45_knn,4.525151882,4.240309254,0.583333333,0.4,0.4,0.1344,0.189865872,0.0864,0.1104,0.1584,0.088384,0.098379097,0.1104,0.0832,312.5,312.5,1,0.866123681,1.438358302,0.135533333,0.668337443,0.402933779
45_nb,6.13453561,10.52084307,0.208333333,0.76,0.7696,0.0752,0.163439194,0.0512,0.0288,0.0896,0.1012736,0.024534282,0.032,0.0208,312.5,312.5,1,0.988444173,1.032472736,0.147558974,0.675542379,0.365934545
46_dt,0.504489148,1.660554374,0.666666667,0.32,0.32,0.0688,0.220303137,0.0304,0.1792,0.1488,0.06148864,0.191430583,0.1776,0.1648,312.5,312.5,1,0.958605078,1.12051875,0.132558974,0.709019303,0.189317799
46_knn,0.476560684,1.3143933,0.75,0.24,0.3008,0.0992,0.222340049,0.072,0.168,0.1312,0.0623232,0.199469691,0.2064,0.2128,312.5,312.5,1,0.960818175,1.113771645,0.129558974,0.714096837,0.255459533
46_nb,0.090010396,0.202503038,0.958333333,0.04,0.0784,0.1312,0.231392778,0.0896,0.2176,0.1136,0.05873664,0.275931309,0.3072,0.3072,312.5,312.5,1,0.987240772,1.035904893,0.121410256,0.709699718,0.215129033
47_dt,1.127091868,3.375124217,0.416666667,0.36,0.7696,0.1488,0.221709826,0.1056,0.1792,0.176,0.05855488,0.123379811,0.1568,0.1104,312.5,312.5,1,0.930076976,1.210817939,0.129661538,0.696497729,0.314541851
47_knn,0.887011557,1.790655064,0.916666667,0.08,0.1168,0.1648,0.264309764,0.1104,0.2208,0.1776,0.0468608,0.164676248,0.2496,0.1776,312.5,312.5,1,0.974571459,1.07263302,0.118435897,0.694128807,0.214467985
47_nb,1.946663108,1.237817548,0.260416667,0.56,0.736,0.1024,0.169491525,0.0768,0.1232,0.1056,0.09372928,0.196787672,0.1968,0.1952,312.5,312.5,1,0.715481742,2.163160367,0.14045641,0.684957987,0.42217309
48_dt,0.984476127,2.327966209,0.666666667,0.32,0.32,0.2096,0.288417167,0.1088,0.2176,0.312,0.03749888,0.152327846,0.1808,0.144,312.5,312.5,1,0.944003299,1.165951383,0.125897436,0.689518028,0.314449866
48_knn,0.622080315,1.579918853,1,0,0,0.2224,0.365585168,0.1296,0.2752,0.28,0.0266624,0.199342341,0.1936,0.176,312.5,312.5,1,0.992658185,1.020529877,0.113261538,0.68951049,0.202632969
48_nb,3.930380209,2.530953167,0.472222222,0.32,0.5648,0.1088,0.177193963,0.072,0.0976,0.0992,0.09020416,0.113850033,0.1808,0.1296,312.5,312.5,1,0.778707942,1.819827039,0.140164103,0.671761335,0.427252552
49_dt,0.822924929,1.88310403,0.708333333,0.28,0.28,0.1728,0.226449275,0.0896,0.184,0.2016,0.05513472,0.168389633,0.1552,0.1568,312.5,312.5,1,0.85977448,1.463081366,0.13305641,0.699259114,0.423208992
49_knn,1.210602791,1.101649333,0.791666667,0.2,0.2,0.1728,0.258986928,0.1328,0.2272,0.1792,0.05095936,0.271718712,0.272,0.3232,312.5,312.5,1,0.844319894,1.525048481,0.124574359,0.691104008,0.300827994
49_nb,0.46330694,0.373251729,0.277777778,0.64,0.6976,0.1104,0.183971922,0.0832,0.1552,0.1392,0.08166912,0.14079995,0.1408,0.1376,312.5,312.5,1,0.586330111,3.133073049,0.139887179,0.681678871,0.395723996
5_dt,6.116883117,11.98089231,0,1,1,0.064,0.147928994,0.048,0,0.08,0.11346944,0,0,0,312.5,312.5,1,0.998845536,1.003205128,0.150051282,0.6736919,0.34753945
5_knn,6.116883117,11.98089231,0,1,1,0.064,0.147928994,0.048,0,0.08,0.11346944,0,0,0,312.5,312.5,1,0.998845536,1.003205128,0.150051282,0.6736919,0.34753945
5_nb,6.116883117,11.98089231,0,1,1,0.064,0.147928994,0.048,0,0.08,0.11346944,0,0,0,312.5,312.5,1,0.998845536,1.003205128,0.150051282,0.6736919,0.34753945
50_dt,0.334536982,0.796909784,0.75,0.24,0.4224,0.2064,0.328947368,0.1216,0.256,0.304,0.03081984,0.212412601,0.264,0.2592,312.5,312.5,1,0.962968817,1.107249207,0.112912821,0.70545351,0.184475608
50_knn,0.370513998,0.67993406,0.916666667,0.08,0.08,0.272,0.403154574,0.2032,0.3152,0.2992,0.02147072,0.217110464,0.2656,0.2832,312.5,312.5,1,0.946595553,1.157767687,0.113476923,0.691303171,0.216774349
50_nb,1.091386563,0.844502355,0.461805556,0.4,0.52,0.1392,0.230578219,0.1056,0.1392,0.1504,0.05869824,0.112000851,0.112,0.1088,312.5,312.5,1,0.505919244,4.027348777,0.140825641,0.662629863,0.501231243
51_dt,0.363418533,1.308163203,1,0,0,0.2544,0.324002074,0.1376,0.2896,0.328,0.03019264,0.187184974,0.2944,0.2512,312.5,312.5,1,0.998224641,1.004932455,0.111076923,0.711511553,0.195456693
51_knn,0.636694808,2.526425721,0.763888889,0.16,0.2272,0.2192,0.339071466,0.1776,0.2432,0.2352,0.02964224,0.158342631,0.1824,0.1552,312.5,312.5,1,0.98255444,1.049363091,0.120748718,0.689618596,0.192103272
51_nb,4.175700231,7.163052427,0.625,0.36,0.4112,0.1248,0.230141844,0.0928,0.0816,0.1424,0.05770496,0.069781175,0.0624,0.0688,312.5,312.5,1,0.967083502,1.094863462,0.140389744,0.677751345,0.375756154
52_dt,0.132468471,0.098121075,0.708333333,0.28,0.28,0.2528,0.291977612,0.1408,0.2608,0.304,0.03676416,0.246399705,0.2464,0.272,312.5,312.5,1,0.805522239,1.692702733,0.118451282,0.693017274,0.258499169
52_knn,0.522211339,0.397487793,0.519097222,0.44,0.4624,0.1584,0.218410326,0.1264,0.1664,0.1616,0.06365696,0.104000056,0.104,0.0816,312.5,312.5,1,0.481548544,4.365728022,0.141851282,0.659980351,0.521878104
52_nb,0.06165494,0.106617254,0.458333333,0.52,0.52,0.1616,0.2473908,0.12,0.1856,0.1712,0.05248512,0.183999944,0.184,0.1904,312.5,312.5,1,0.688749806,2.330136402,0.130871795,0.690162682,0.447328033
53_dt,1.412641792,3.304771326,0.75,0.24,0.24,0.2256,0.254257908,0.1376,0.2176,0.2768,0.04772352,0.117938436,0.2016,0.1248,312.5,312.5,1,0.959719446,1.117116873,0.123215385,0.682995431,0.270647498
53_knn,1.031871966,1.597641287,0.59375,0.24,0.392,0.2432,0.241094863,0.1872,0.2672,0.2256,0.06147328,0.146736033,0.2512,0.2144,312.5,312.5,1,0.874337393,1.406986345,0.119830769,0.688004726,0.289365708
53_nb,1.816523645,4.936682671,0.53125,0.28,0.4528,0.1472,0.192961527,0.1088,0.096,0.1536,0.08046592,0.079619114,0.1152,0.0912,312.5,312.5,1,0.925582193,1.225631296,0.141830769,0.678653534,0.332701893
54_dt,0.463496518,0.744580609,0.791666667,0.2,0.2,0.2336,0.34662237,0.1312,0.3056,0.3456,0.02765312,0.195105818,0.344,0.2912,312.5,312.5,1,0.977947361,1.062738948,0.113010256,0.710144989,0.209558318
54_knn,0.053003981,0.138768562,1,0,0,0.1856,0.26201232,0.1184,0.2576,0.2032,0.04871936,0.392002937,0.392,0.3888,312.5,312.5,1,0.966078098,1.097878625,0.124697436,0.714787371,0.213741403
54_nb,0.743383278,1.595853815,0.916666667,0.08,0.1536,0.1648,0.288829551,0.1328,0.1648,0.1584,0.04037632,0.186118071,0.192,0.1664,312.5,312.5,1,0.953990715,1.134702822,0.125635897,0.685574346,0.324597111
55_dt,0.705641561,1.385789875,0.75,0.24,0.24,0.2544,0.326711971,0.1696,0.2624,0.3088,0.02988288,0.187687056,0.2736,0.2624,312.5,312.5,1,0.997470458,1.007033931,0.113974359,0.714054467,0.176029353
55_knn,0.991214395,2.064956574,0.916666667,0.08,0.1168,0.1744,0.317890586,0.096,0.2,0.1968,0.03219968,0.178338677,0.176,0.1632,312.5,312.5,1,0.967083502,1.094863462,0.122307692,0.6995511,0.219920604
55_nb,0.378144395,0.741276903,0.916666667,0.08,0.1168,0.1824,0.311562651,0.128,0.1968,0.16,0.0340864,0.238107305,0.2448,0.2352,312.5,312.5,1,0.985322848,1.041394916,0.120784615,0.698618282,0.221728653
56_dt,1.282060227,3.160319493,0.649305556,0.28,0.5104,0.216,0.287878788,0.112,0.1808,0.2432,0.038464,0.143569315,0.1952,0.1488,312.5,312.5,1,0.994806526,1.014486251,0.120353846,0.702931891,0.240581943
56_knn,0.084617294,0.16005319,1,0,0,0.2496,0.444598338,0.1792,0.32,0.2848,0.01852672,0.234607165,0.4416,0.3952,312.5,312.5,1,0.995561641,1.012369148,0.103876923,0.698941562,0.202969025
56_nb,1.008432915,1.892977856,0.763888889,0.16,0.3616,0.1968,0.312077295,0.152,0.1968,0.2208,0.03534848,0.165409763,0.2592,0.208,312.5,312.5,1,0.996257297,1.010422028,0.122820513,0.694592159,0.345241402
57_dt,0.692512733,1.184892457,0.5,0.48,0.48,0.2256,0.360438293,0.1472,0.3312,0.3072,0.02547968,0.161123137,0.368,0.3136,312.5,312.5,1,0.985977216,1.039519026,0.105958974,0.703846534,0.245281187
57_knn,1.652778179,3.668432119,0.527777778,0.32,0.456,0.1392,0.238324685,0.1152,0.1296,0.1264,0.05414656,0.104267034,0.1248,0.088,312.5,312.5,1,0.874337393,1.406986345,0.140364103,0.681234968,0.384318034
57_nb,1.803490302,0.792124494,0.364583333,0.4,0.616,0.1456,0.226778829,0.12,0.1616,0.1504,0.05947136,0.171199979,0.1712,0.1712,312.5,312.5,1,0.660442523,2.523842601,0.135451282,0.669361602,0.404124787
58_dt,0.201565092,0.307676037,0.875,0.12,0.12,0.2608,0.451333814,0.1184,0.3264,0.376,0.0165248,0.253838727,0.3856,0.3552,312.5,312.5,1,0.985322848,1.041394916,0.096764103,0.719176751,0.213909885
58_knn,0.235411434,0.640225959,1,0,0,0.288,0.386998785,0.16,0.3376,0.2592,0.02272512,0.195149078,0.3952,0.32,312.5,312.5,1,0.973689256,1.075231629,0.105897436,0.713641403,0.188860315
58_nb,1.864267058,4.587261395,0.763888889,0.16,0.2272,0.1536,0.247981546,0.1184,0.112,0.1712,0.04958208,0.094602049,0.1424,0.0848,312.5,312.5,1,0.964020778,1.104071058,0.136748718,0.682047966,0.322544351
59_dt,0.475392086,0.935473347,1,0,0,0.2256,0.332625995,0.1456,0.2752,0.2912,0.02894848,0.213829202,0.28,0.2496,312.5,312.5,1,0.998845536,1.003205128,0.112210256,0.757185235,0.222400049
59_knn,0.198876078,0.384401429,0.916666667,0.08,0.08,0.192,0.266556291,0.144,0.2112,0.1952,0.04590336,0.219200043,0.2192,0.184,312.5,312.5,1,0.758704034,1.92139075,0.125989744,0.676042645,0.343119575
59_nb,1.765105002,4.623291669,0.798611111,0.16,0.1936,0.1568,0.298582533,0.1296,0.128,0.1888,0.03601408,0.11388425,0.1264,0.0896,312.5,312.5,1,0.987849985,1.034166181,0.130528205,0.67712502,0.278872609
6_dt,6.116883117,11.98089231,0,1,1,0.0736,0.147928994,0.048,0,0.08,0.11346944,0,0,0,312.5,312.5,1,0.998845536,1.003205128,0.150051282,0.673694386,0.347577245
6_knn,5.962025316,11.89397932,0,0.96,0.9632,0.0624,0.147928994,0.032,0.0064,0.0432,0.11510016,0.001010517,0.0128,0.0016,312.5,312.5,1,0.999998153,1.00000512,0.15,0.673667063,0.332332226
6_nb,6.116883117,11.98089231,0,1,1,0.0256,0.147928994,0,0,0.08,0.12066304,0,0,0,312.5,312.5,1,0.998845536,1.003205128,0.150815385,0.673670273,0.339411111
60_dt,0.112749036,0.447599094,0.916666667,0.08,0.1904,0.408,0.603864734,0.2528,0.4384,0.5232,0.00896512,0.203359715,0.376,0.3216,312.5,312.5,1,0.999022902,1.002712153,0.090825641,0.667422568,0.160909153
60_knn,0.058655563,0.130173938,1,0,0,0.4192,0.551898734,0.28,0.3552,0.4096,0.01230592,0.25123184,0.3568,0.3552,312.5,312.5,1,0.993117666,1.019234746,0.101594872,0.697725163,0.153791068
60_nb,0.073347244,0.160030477,0.833333333,0.16,0.16,0.2864,0.447881641,0.2304,0.2512,0.2896,0.01837312,0.375952874,0.376,0.3936,312.5,312.5,1,0.955167892,1.131069285,0.113841026,0.706853415,0.210658112
61_dt,0.132871179,0.370452512,1,0,0,0.3184,0.511020408,0.1792,0.3952,0.4224,0.01293312,0.239047979,0.3968,0.3872,312.5,312.5,1,0.999776544,1.000619712,0.09254359,0.718803174,0.156389329
61_knn,0.330466176,0.628272451,1,0,0,0.3072,0.474025974,0.2208,0.3168,0.3056,0.01597184,0.21937323,0.3296,0.2976,312.5,312.5,1,0.99844641,1.00431521,0.107,0.710118655,0.192271576
61_nb,2.484139933,4.77777565,1,0,0,0.2176,0.396684429,0.1936,0.144,0.272,0.024,0.123840156,0.0896,0.0752,312.5,312.5,1,0.97954382,1.05808746,0.129676923,0.683864574,0.326385921
62_dt,0.286750058,0.793202587,0.708333333,0.28,0.3952,0.336,0.54973822,0.1616,0.3456,0.496,0.01146368,0.203328987,0.3152,0.3072,312.5,312.5,1,0.98255444,1.049363091,0.096261538,0.658011263,0.259174819
62_knn,0.507188107,0.70950905,0.875,0.12,0.12,0.3344,0.494065282,0.232,0.2832,0.3504,0.01529088,0.300751702,0.3008,0.3152,312.5,312.5,1,0.882266616,1.377337017,0.111,0.681203857,0.245847235
62_nb,0.935697116,1.686390095,0.659722222,0.2,0.328,0.264,0.403371463,0.176,0.2064,0.2784,0.02352384,0.155716913,0.2192,0.1936,312.5,312.5,1,0.886125647,1.363127647,0.125461538,0.677861452,0.325944266
63_dt,0.042597119,0.142208384,0.916666667,0.08,0.08,0.3792,0.578703704,0.1888,0.384,0.5072,0.00955136,0.411201396,0.4112,0.4288,312.5,312.5,1,0.977126285,1.06513809,0.091687179,0.679177413,0.245328789
63_knn,0.547263047,0.573560073,0.833333333,0.16,0.16,0.3488,0.448489011,0.248,0.3152,0.3792,0.01863936,0.294424263,0.2944,0.2672,312.5,312.5,1,0.874337393,1.406986345,0.109779487,0.68832486,0.2731842
63_nb,0.602634825,0.881421654,0.763888889,0.16,0.2272,0.2672,0.399527187,0.1936,0.2144,0.2912,0.02418944,0.212801096,0.2128,0.2112,312.5,312.5,1,0.746800859,1.984786662,0.125589744,0.6695668,0.373784838
64_dt,0.006211901,0.014592026,0.833333333,0.16,0.16,0.4208,0.654166667,0.304,0.4048,0.488,0.00684288,0.257850539,0.464,0.4784,312.5,312.5,1,0.999909512,1.000250911,0.088041026,0.680070363,0.144536904
64_knn,0.413177724,0.909159881,1,0,0,0.3424,0.502994012,0.2528,0.3216,0.376,0.01612032,0.205179231,0.3152,0.2464,312.5,312.5,1,0.9846534,1.043317013,0.104835897,0.710847361,0.194386123
64_nb,0.33759928,0.736635791,0.916666667,0.08,0.08,0.28,0.417185554,0.2192,0.272,0.2784,0.02142464,0.183980958,0.304,0.2752,312.5,312.5,1,0.928595094,1.215683494,0.116882051,0.69375637,0.250676573
65_dt,0.060852676,0.142848501,0.875,0.12,0.12,0.328,0.534526854,0.1984,0.384,0.4432,0.01139968,0.224731864,0.448,0.4592,312.5,312.5,1,0.999953833,1.000128008,0.093205128,0.692838563,0.16130887
65_knn,0.031517163,0.071248209,1,0,0,0.3664,0.538398693,0.2896,0.3744,0.3936,0.01225984,0.268484245,0.3712,0.3344,312.5,312.5,1,0.99773667,1.006291731,0.101635897,0.697026262,0.190799297
65_nb,0.176520968,0.262049682,0.763888889,0.16,0.2272,0.2656,0.416666667,0.224,0.3056,0.2912,0.01936384,0.366401143,0.3664,0.3808,312.5,312.5,1,0.947867757,1.153770235,0.113389744,0.707068984,0.248257412
66_dt,0.16807005,0.471643561,0.916666667,0.08,0.1536,0.4352,0.60814743,0.2688,0.368,0.536,0.00860928,0.208646336,0.3808,0.3552,312.5,312.5,1,0.995561641,1.012369148,0.093410256,0.668811761,0.193049687
66_knn,0.02053013,0.054108422,1,0,0,0.432,0.593495935,0.3072,0.3776,0.4448,0.01000704,0.245721434,0.4016,0.4208,312.5,312.5,1,0.999584464,1.001152664,0.091410256,0.711104972,0.13079095
66_nb,0.106256826,0.059075885,0.802083333,0.12,0.1904,0.2832,0.396614268,0.2464,0.2912,0.2608,0.02061568,0.270399755,0.2704,0.28,312.5,312.5,1,0.842038026,1.534419444,0.116,0.698680745,0.290298884
67_dt,0.033128793,0.080646735,1,0,0,0.4176,0.618953603,0.2816,0.4256,0.5232,0.00829696,0.438462812,0.4384,0.48,312.5,312.5,1,0.989023347,1.030824339,0.089902564,0.679171681,0.190411714
67_knn,0.441221507,0.914049684,0.918402778,0.04,0.0784,0.3344,0.520092736,0.24,0.336,0.3216,0.012864,0.18345518,0.2608,0.2656,312.5,312.5,1,0.886125647,1.363127647,0.110297436,0.695707044,0.297716019
67_nb,2.23213465,4.390977149,0.916666667,0.08,0.08,0.28,0.434867142,0.2112,0.1904,0.272,0.01818368,0.117572449,0.1584,0.1152,312.5,312.5,1,0.992183779,1.02186853,0.125810256,0.683297404,0.309854436
68_dt,0.041195812,0.135708392,1,0,0,0.4688,0.592417062,0.3056,0.4512,0.5136,0.00867328,0.414331716,0.4144,0.4208,312.5,312.5,1,0.9787532,1.060388843,0.089676923,0.694560282,0.187254416
68_knn,0.556281213,1.83697342,0.958333333,0.04,0.04,0.3504,0.478479197,0.248,0.2832,0.3888,0.01693696,0.161192486,0.2064,0.1888,312.5,312.5,1,0.916147712,1.257269491,0.115805128,0.686910559,0.262837153
68_nb,1.382486811,3.699701521,0.838541667,0.12,0.1552,0.2352,0.408077155,0.1952,0.184,0.2528,0.02235904,0.122344433,0.0896,0.0864,312.5,312.5,1,0.909525101,1.279930194,0.130461538,0.678431314,0.345816647
69_dt,0.009555363,0.020803947,0.833333333,0.16,0.16,0.4064,0.705617978,0.2496,0.3872,0.56,0.0060416,0.432002262,0.432,0.416,312.5,312.5,1,0.98661652,1.037689098,0.088451282,0.651210021,0.288115743
69_knn,0.442349057,0.616253938,0.916666667,0.08,0.08,0.2672,0.504077094,0.2,0.2624,0.2928,0.01479424,0.203199562,0.2032,0.1792,312.5,312.5,1,0.728282112,2.088139961,0.124446154,0.669447326,0.37981869
69_nb,1.839867078,2.89651131,0.958333333,0.04,0.04,0.2176,0.472260749,0.1888,0.1728,0.28,0.01657856,0.139200809,0.1296,0.0976,312.5,312.5,1,0.857621773,1.471559273,0.125,0.662935413,0.410182357
7_dt,6.116883117,11.98089231,0,1,1,0.064,0.147928994,0.048,0,0.08,0.11346944,0,0,0,312.5,312.5,1,0.998845536,1.003205128,0.150051282,0.6736919,0.34753945
7_knn,6.116883117,11.98089231,0,1,1,0.064,0.147928994,0.048,0,0.08,0.11346944,0,0,0,312.5,312.5,1,0.998845536,1.003205128,0.150051282,0.6736919,0.34753945
7_nb,6.116883117,11.98089231,0,1,1,0.064,0.147928994,0.048,0,0.08,0.11346944,0,0,0,312.5,312.5,1,0.998845536,1.003205128,0.150051282,0.6736919,0.34753945
70_dt,0.014856288,0.036899206,1,0,0,0.5168,0.787234043,0.3088,0.4656,0.6256,0.0048,0.243594519,0.4208,0.4256,312.5,312.5,1,0.99773667,1.006291731,0.085528205,0.65298428,0.195339428
70_knn,0.068793188,0.136126207,1,0,0,0.4848,0.744444444,0.3408,0.3936,0.48,0.00610048,0.263483907,0.3792,0.376,312.5,312.5,1,0.997470458,1.007033931,0.092646154,0.681519218,0.153102973
70_nb,0.079699917,0.300137772,1,0,0,0.4448,0.759820426,0.3296,0.3552,0.5104,0.00616448,0.237910855,0.3088,0.3168,312.5,312.5,1,0.977947361,1.062738948,0.100220513,0.667944858,0.248429124
71_dt,0.026637618,0.052264506,1,0,0,0.5472,0.829815303,0.3264,0.4336,0.6784,0.00435968,0.407974911,0.408,0.3808,312.5,312.5,1,0.975438353,1.070084791,0.087574359,0.637131724,0.244015316
71_knn,0.231109765,0.815928929,1,0,0,0.4304,0.739872068,0.3136,0.2928,0.4624,0.00705792,0.283199303,0.2832,0.304,312.5,312.5,1,0.85977448,1.463081366,0.109046154,0.650453083,0.30421934
71_nb,0.377259386,1.196667977,1,0,0,0.4352,0.744432662,0.328,0.296,0.4512,0.00699904,0.1835121,0.2,0.2,312.5,312.5,1,0.891783405,1.342550614,0.111225641,0.653466298,0.300337128
72_dt,0.043565864,0.084836427,1,0,0,0.5376,0.8,0.3184,0.4512,0.656,0.00435456,0.422303114,0.4224,0.3824,312.5,312.5,1,0.98255444,1.049363091,0.087748718,0.656974964,0.172763686
72_knn,0.018770474,0.03716742,1,0,0,0.456,0.735991379,0.3392,0.352,0.4832,0.00658688,0.273600063,0.2736,0.272,312.5,312.5,1,0.84658311,1.515811371,0.104010256,0.661441297,0.357499959
72_nb,8.18E-05,9.04E-05,1,0,0,0.4128,0.703441296,0.3344,0.3008,0.44,0.00740352,0.167999956,0.168,0.1616,312.5,312.5,1,0.653109112,2.577152015,0.119646154,0.639930914,0.581295095
73_dt,0.006501988,0.01946079,1,0,0,0.512,0.798479087,0.3008,0.4848,0.6112,0.00476928,0.464020772,0.464,0.4384,312.5,312.5,1,0.996257297,1.010422028,0.085164103,0.64571225,0.209252881
73_knn,0.140138816,0.296674038,1,0,0,0.5184,0.780045351,0.3616,0.4048,0.52,0.00614144,0.223160855,0.4368,0.3744,312.5,312.5,1,0.999998153,1.00000512,0.092338462,0.682285139,0.180518395
73_nb,0.641082794,1.265506577,1,0,0,0.4864,0.753829322,0.3632,0.312,0.4848,0.00634112,0.194572462,0.2336,0.1936,312.5,312.5,1,0.944003299,1.165951383,0.106328205,0.659077267,0.319398632
74_dt,0.026435603,0.079717394,1,0,0,0.5408,0.833776596,0.3568,0.4176,0.672,0.00427264,0.233966029,0.4528,0.4144,312.5,312.5,1,0.999998153,1.00000512,0.083676923,0.645698644,0.181356019
74_knn,0.100370716,0.233362807,1,0,0,0.4752,0.775229358,0.344,0.3712,0.528,0.00574976,0.380713173,0.3808,0.3648,312.5,312.5,1,0.958605078,1.12051875,0.094687179,0.684463653,0.295675816
74_nb,0.645711341,1.373688119,1,0,0,0.4448,0.753031974,0.344,0.312,0.4768,0.0062208,0.195110385,0.2144,0.1936,312.5,312.5,1,0.960818175,1.113771645,0.108112821,0.662813969,0.335365257
75_dt,0.010030282,0.021340527,1,0,0,0.5504,0.802564103,0.36,0.44,0.6272,0.00441088,0.24840381,0.4784,0.4528,312.5,312.5,1,0.999022902,1.002712153,0.084989744,0.646403816,0.259880658
75_knn,0.039245395,0.076133773,1,0,0,0.48,0.789107764,0.3616,0.368,0.5152,0.00568832,0.236864019,0.4496,0.4288,312.5,312.5,1,0.995561641,1.012369148,0.093728205,0.680247841,0.152130519
75_nb,0.193818685,0.737487655,1,0,0,0.4784,0.777651083,0.3504,0.3472,0.4704,0.0057472,0.203335761,0.328,0.256,312.5,312.5,1,0.990136706,1.02766185,0.101789744,0.66345426,0.232304346
76_dt,0.001890325,0.003834686,1,0,0,0.5616,0.811369509,0.336,0.4576,0.6736,0.00432128,0.478414533,0.4784,0.4496,312.5,312.5,1,0.998653373,1.003739459,0.084538462,0.646781336,0.179940624
76_knn,0.183080195,0.37855334,1,0,0,0.48,0.772311213,0.3488,0.3952,0.552,0.0061696,0.237721022,0.3472,0.3408,312.5,312.5,1,0.994806526,1.014486251,0.095384615,0.689415647,0.252192598
76_nb,0.323350733,1.039812657,1,0,0,0.4336,0.740780911,0.3344,0.2896,0.4768,0.00696576,0.203431633,0.2368,0.248,312.5,312.5,1,0.945307411,1.161827862,0.110989744,0.669087922,0.337433684
77_dt,0.004352118,0.015075135,1,0,0,0.5136,0.863201094,0.2592,0.4704,0.7232,0.00406272,0.216091213,0.4736,0.4816,312.5,312.5,1,0.999953833,1.000128008,0.08425641,0.644212918,0.199658421
77_knn,0.011945484,0.024417688,1,0,0,0.5456,0.783216783,0.3792,0.408,0.5376,0.00528896,0.247725766,0.4688,0.5088,312.5,312.5,1,0.999776544,1.000619712,0.088707692,0.700022377,0.123607267
77_nb,0.571156664,1.276364849,1,0,0,0.4912,0.7995338,0.3504,0.3312,0.496,0.00537344,0.198666304,0.2272,0.2176,312.5,312.5,1,0.968073431,1.091901763,0.106620513,0.665054185,0.303645209
78_dt,0.020837345,0.040343959,1,0,0,0.504,0.799237611,0.3024,0.4496,0.6176,0.00494592,0.466802879,0.4672,0.48,312.5,312.5,1,0.996893552,1.008643918,0.085984615,0.653920761,0.196757487
78_knn,0.338295753,0.656313424,1,0,0,0.4416,0.778153153,0.3456,0.3648,0.4896,0.00617216,0.214211487,0.2864,0.2416,312.5,312.5,1,0.966078098,1.097878625,0.101953846,0.676453865,0.284749919
78_nb,0.844950368,1.710197584,1,0,0,0.4384,0.756339581,0.3472,0.28,0.5008,0.0063488,0.188153915,0.2032,0.1488,312.5,312.5,1,0.97954382,1.05808746,0.110338462,0.669167773,0.33585402
79_dt,0.027193773,0.05187903,1,0,0,0.5136,0.751493429,0.3232,0.4368,0.6256,0.00523008,0.45262761,0.4528,0.4672,312.5,312.5,1,0.993562231,1.017982973,0.086646154,0.664717082,0.246685527
79_knn,0.017099195,0.038016787,1,0,0,0.448,0.718384697,0.3328,0.432,0.504,0.00684544,0.406419509,0.4064,0.4112,312.5,312.5,1,0.974571459,1.07263302,0.095015385,0.714374821,0.160270112
79_nb,0.009805841,0.011892646,1,0,0,0.4224,0.702839757,0.3264,0.3152,0.448,0.00763136,0.179201407,0.1792,0.1712,312.5,312.5,1,0.678323813,2.399340365,0.117482051,0.64573963,0.450984081
8_dt,6.116883117,11.98089231,0,1,1,0.0224,0.147928994,0,0,0.08,0.12066304,0,0,0,312.5,312.5,1,0.998845536,1.003205128,0.150558974,0.674695466,0.347894386
8_knn,6.116883117,11.98089231,0,1,1,0.0224,0.147928994,0,0,0.08,0.12066304,0,0,0,312.5,312.5,1,0.998845536,1.003205128,0.150558974,0.674695466,0.347894386
8_nb,6.116883117,11.98089231,0,1,1,0.0224,0.147928994,0,0,0.08,0.12066304,0,0,0,312.5,312.5,1,0.998845536,1.003205128,0.150558974,0.674695466,0.347894386
80_dt,0.00699242,0.025743834,1,0,0,0.6688,0.939481268,0.4576,0.4592,0.736,0.00315392,0.219250854,0.4464,0.4336,312.5,312.5,1,0.999953833,1.000128008,0.083312821,0.634729733,0.196768187
80_knn,0.020560413,0.076882382,1,0,0,0.664,0.960339943,0.464,0.4528,0.7136,0.00332032,0.214407133,0.4192,0.4176,312.5,312.5,1,0.998224641,1.004932455,0.084548718,0.639354227,0.190217634
80_nb,0.050991511,0.177668551,1,0,0,0.704,0.985443959,0.5104,0.4416,0.7824,0.00297472,0.225375855,0.3856,0.3936,312.5,312.5,1,0.999998153,1.00000512,0.086123077,0.635953694,0.204427732
81_dt,0.013350066,0.040555992,1,0,0,0.7216,0.979135618,0.4928,0.4768,0.824,0.00283136,0.222266617,0.4656,0.4688,312.5,312.5,1,0.99773667,1.006291731,0.084076923,0.634221432,0.179766091
81_knn,0.032045802,0.089532606,1,0,0,0.7168,0.981104651,0.4976,0.4496,0.7648,0.00300032,0.234243201,0.4432,0.4016,312.5,312.5,1,0.999466252,1.001480776,0.085441026,0.640661231,0.187909907
81_nb,0.048689832,0.15867289,1,0,0,0.7328,0.998540146,0.5088,0.4464,0.768,0.00290304,0.369941727,0.4336,0.4496,312.5,312.5,1,0.987240772,1.035904893,0.087194872,0.638576718,0.222886952
82_dt,0.012431549,0.034154553,1,0,0,0.6704,0.953757225,0.4752,0.4464,0.7568,0.00320256,0.233833352,0.464,0.4368,312.5,312.5,1,0.998845536,1.003205128,0.083871795,0.637084494,0.259908273
82_knn,0.024188559,0.058938354,1,0,0,0.6848,0.957746479,0.5088,0.4832,0.7248,0.0033152,0.239100005,0.4464,0.4464,312.5,312.5,1,0.99773667,1.006291731,0.085261538,0.645172981,0.284942474
82_nb,0.068353081,0.161975704,1,0,0,0.6736,0.952180028,0.5008,0.4864,0.7296,0.0033792,0.233778135,0.3968,0.3808,312.5,312.5,1,0.99399189,1.0167744,0.08714359,0.637505738,0.254500773
83_dt,0.010573444,0.022049086,1,0,0,0.6768,0.947750363,0.432,0.4752,0.7632,0.00311296,0.467199825,0.4672,0.4976,312.5,312.5,1,0.996893552,1.008643918,0.084933333,0.637739201,0.207414343
83_knn,0.007243861,0.014835136,1,0,0,0.68,0.961206897,0.4368,0.4784,0.744,0.00321792,0.478202293,0.4784,0.4912,312.5,312.5,1,0.998653373,1.003739459,0.085082051,0.646169472,0.211519783
83_nb,0.035010727,0.069479986,1,0,0,0.7072,0.965166909,0.4752,0.4496,0.7632,0.00302592,0.40160021,0.4016,0.4096,312.5,312.5,1,0.971878843,1.080581418,0.088025641,0.631672627,0.285061595
84_dt,0.004112992,0.008537773,1,0,0,0.6384,0.945165945,0.4528,0.4848,0.7648,0.00321536,0.476800421,0.4768,0.4416,312.5,312.5,1,0.99844641,1.00431521,0.08334359,0.63848184,0.286025514
84_knn,0.011747527,0.034987644,1,0,0,0.6624,0.973201693,0.48,0.488,0.7088,0.00327936,0.222918862,0.4464,0.4224,312.5,312.5,1,0.99844641,1.00431521,0.084774359,0.648542631,0.231332609
84_nb,0.041703129,0.111600817,1,0,0,0.6656,0.968526466,0.4672,0.472,0.7216,0.00316928,0.229200961,0.4064,0.4112,312.5,312.5,1,0.994406653,1.015608875,0.08605641,0.639154375,0.243567448
85_dt,0.023400978,0.046506718,1,0,0,0.6848,0.925820257,0.4496,0.4592,0.7648,0.00324096,0.248581959,0.4656,0.4768,312.5,312.5,1,0.999584464,1.001152664,0.084328205,0.643489237,0.175150011
85_knn,0.062844802,0.126896657,1,0,0,0.6736,0.932132964,0.4624,0.4816,0.7168,0.00348928,0.239230872,0.4208,0.3904,312.5,312.5,1,0.99844641,1.00431521,0.086861538,0.654755851,0.199922032
85_nb,0.126338488,0.26513954,1,0,0,0.6832,0.960451977,0.464,0.4608,0.7392,0.00328704,0.230680965,0.3856,0.3584,312.5,312.5,1,0.999022902,1.002712153,0.088235897,0.650217535,0.162147618
86_dt,0.004070795,0.008788889,1,0,0,0.6544,0.935251799,0.4432,0.4576,0.7584,0.00324352,0.245727398,0.4784,0.5056,312.5,312.5,1,0.999776544,1.000619712,0.084420513,0.640632159,0.207755536
86_knn,0.00551127,0.020382339,1,0,0,0.6672,0.954929577,0.488,0.4528,0.7248,0.00331008,0.221041159,0.4688,0.4528,312.5,312.5,1,0.999687894,1.000865655,0.085671795,0.649620515,0.220287299
86_nb,0.041716383,0.126648966,1,0,0,0.6672,0.953058321,0.4832,0.4496,0.7472,0.00320512,0.234672275,0.4192,0.4192,312.5,312.5,1,0.999333257,1.00185003,0.086512821,0.641157283,0.167715294
87_dt,0.003792706,0.012297818,1,0,0,0.7232,0.957100592,0.472,0.4864,0.784,0.00284928,0.468811575,0.4688,0.4208,312.5,312.5,1,0.99718942,1.007817961,0.084574359,0.634169091,0.207516083
87_knn,0.00071599,0.001977042,1,0,0,0.7296,0.959064327,0.5088,0.4544,0.7824,0.00286464,0.465599985,0.4656,0.4704,312.5,312.5,1,0.996582846,1.009511904,0.085451282,0.639399239,0.20942661
87_nb,0.012876201,0.029582834,1,0,0,0.728,0.975073314,0.4976,0.44,0.7616,0.00287744,0.420799892,0.4208,0.4544,312.5,312.5,1,0.981824531,1.051472596,0.086841026,0.633943151,0.247522607
88_dt,0.00015773,0.00054106,1,0,0,0.6528,0.924929178,0.3904,0.5168,0.7136,0.00326656,0.222882656,0.5056,0.4976,312.5,312.5,1,0.999998153,1.00000512,0.083353846,0.635906459,0.250047972
88_knn,0.002985477,0.009385259,1,0,0,0.68,0.937150838,0.44,0.4912,0.6768,0.00331264,0.241934477,0.4464,0.4512,312.5,312.5,1,0.999998153,1.00000512,0.084138462,0.639285747,0.16711226
88_nb,0.057481065,0.11500151,1,0,0,0.7104,0.964285714,0.4656,0.4288,0.7184,0.00309248,0.250897897,0.416,0.3968,312.5,312.5,1,0.997470458,1.007033931,0.086184615,0.633893364,0.247919959
89_dt,0.013881145,0.029207088,1,0,0,0.6528,0.937677054,0.4208,0.5088,0.7296,0.00323584,0.245772636,0.4656,0.4304,312.5,312.5,1,0.999776544,1.000619712,0.083451282,0.635845675,0.233598154
89_knn,0.013873389,0.027906277,1,0,0,0.6768,0.938633194,0.4576,0.4672,0.7312,0.00330752,0.23506677,0.4608,0.4368,312.5,312.5,1,0.99998338,1.000046081,0.084271795,0.643498129,0.226667613
89_nb,0.092016176,0.189638897,1,0,0,0.6848,0.94965035,0.472,0.4432,0.7136,0.00321024,0.234208029,0.384,0.4128,312.5,312.5,1,0.998845536,1.003205128,0.086317949,0.634915853,0.238971085
