ECOC0,3
ECOC1,2
ECOC10,3
ECOC100,3
ECOC101,3
ECOC102,3
ECOC103,3
ECOC104,3
ECOC105,3
ECOC106,3
ECOC107,3
ECOC108,3
ECOC109,6
ECOC11,3
ECOC110,3
ECOC111,3
ECOC112,3
ECOC113,3
ECOC114,3
ECOC115,3
ECOC116,3
ECOC117,3
ECOC118,3
ECOC119,6
ECOC12,3
ECOC120,3
ECOC121,3
ECOC122,3
ECOC123,3
ECOC124,3
ECOC125,3
ECOC126,3
ECOC127,3
ECOC128,3
ECOC129,3
ECOC13,3
ECOC130,3
ECOC131,3
ECOC132,3
ECOC133,3
ECOC134,3
ECOC135,3
ECOC136,3
ECOC137,3
ECOC138,3
ECOC139,2
ECOC14,3
ECOC140,3
ECOC141,3
ECOC142,3
ECOC143,3
ECOC144,3
ECOC145,3
ECOC146,3
ECOC147,3
ECOC148,3
ECOC149,2
ECOC15,0
ECOC150,3
ECOC151,3
ECOC152,3
ECOC153,2
ECOC154,3
ECOC16,6
ECOC17,2
ECOC18,2
ECOC19,2
ECOC2,3
ECOC20,2
ECOC20697,2
ECOC20698,2
ECOC20699,2
ECOC20700,2
ECOC20701,2
ECOC20702,6
ECOC20703,2
ECOC20704,6
ECOC20705,2
ECOC20707,6
ECOC20708,6
ECOC20709,2
ECOC20710,0
ECOC20711,2
ECOC20712,6
ECOC20713,2
ECOC20714,6
ECOC20715,2
ECOC20716,6
ECOC20717,2
ECOC20719,6
ECOC20720,6
ECOC20721,6
ECOC20723,2
ECOC20724,0
ECOC20725,0
ECOC20726,6
ECOC20727,2
ECOC20728,3
ECOC20729,2
ECOC20730,3
ECOC20731,6
ECOC20732,3
ECOC20733,6
ECOC20734,3
ECOC20735,6
ECOC20736,3
ECOC20737,1
ECOC20738,0
ECOC20739,0
ECOC20740,3
ECOC20741,0
ECOC20742,6
ECOC20743,3
ECOC20744,3
ECOC20745,6
ECOC20746,3
ECOC20747,3
ECOC20748,3
ECOC20749,3
ECOC20750,6
ECOC20751,0
ECOC20754,2
ECOC20755,6
ECOC20756,6
ECOC20757,2
ECOC20758,2
ECOC20759,2
ECOC20760,6
ECOC20761,2
ECOC20762,6
ECOC20763,2
ECOC20764,6
ECOC20765,6
ECOC20766,3
ECOC20767,6
ECOC20768,3
ECOC20769,6
ECOC20770,3
ECOC20771,6
ECOC20772,3
ECOC20773,6
ECOC20774,3
ECOC20775,6
ECOC20776,6
ECOC20777,6
ECOC20778,0
ECOC20779,6
ECOC20780,0
ECOC20781,0
ECOC20782,0
ECOC20783,3
ECOC20786,6
ECOC20788,6
ECOC20789,6
ECOC20790,6
ECOC20791,2
ECOC20792,6
ECOC20794,3
ECOC20796,6
ECOC20797,3
ECOC20798,6
ECOC20799,1
ECOC20800,0
ECOC20801,0
ECOC20802,6
ECOC20803,0
ECOC20804,2
ECOC20805,6
ECOC20806,2
ECOC20807,3
ECOC20809,6
ECOC20810,6
ECOC20811,3
ECOC20812,6
ECOC20813,6
ECOC20814,2
ECOC20815,0
ECOC20816,2
ECOC20817,2
ECOC20818,2
ECOC20819,6
ECOC20820,2
ECOC20821,2
ECOC20822,2
ECOC20823,2
ECOC20824,2
ECOC20825,2
ECOC20826,6
ECOC20827,2
ECOC20828,2
ECOC20829,6
ECOC20830,0
ECOC20831,6
ECOC20832,6
ECOC20833,6
ECOC20834,3
ECOC20835,3
ECOC20836,3
ECOC20838,3
ECOC20839,2
ECOC20840,2
ECOC20841,2
ECOC20842,0
ECOC20843,2
ECOC20844,4
ECOC20845,0
ECOC20846,1
ECOC20847,6
ECOC20848,6
ECOC20849,6
ECOC20850,6
ECOC20851,3
ECOC20852,3
ECOC20853,3
ECOC20854,6
ECOC20855,6
ECOC20856,3
ECOC20857,6
ECOC20859,6
ECOC20860,3
ECOC20861,0
ECOC20862,6
ECOC20864,0
ECOC20866,2
ECOC20867,0
ECOC20868,2
ECOC20869,6
ECOC20870,6
ECOC20871,3
ECOC20872,3
ECOC20873,6
ECOC20874,6
ECOC20875,3
ECOC20876,6
ECOC20877,3
ECOC20878,6
ECOC20880,6
ECOC20881,6
ECOC20882,2
ECOC20883,6
ECOC20884,2
ECOC20885,2
ECOC20886,2
ECOC20887,2
ECOC20888,2
ECOC20889,6
ECOC20890,6
ECOC20891,2
ECOC20894,0
ECOC20895,6
ECOC20896,3
ECOC20897,3
ECOC20898,3
ECOC20899,3
ECOC20900,6
ECOC20901,3
ECOC20902,6
ECOC20903,6
ECOC20904,0
ECOC20905,6
ECOC20907,0
ECOC20909,3
ECOC20910,6
ECOC20911,3
ECOC20912,6
ECOC20913,3
ECOC20914,6
ECOC20915,3
ECOC20916,2
ECOC20917,3
ECOC20918,6
ECOC20920,0
ECOC20921,0
ECOC20923,6
ECOC20924,6
ECOC20925,6
ECOC20926,2
ECOC20927,0
ECOC20929,6
ECOC20930,2
ECOC20931,6
ECOC20932,2
ECOC20933,2
ECOC20934,2
ECOC20935,0
ECOC20936,2
ECOC20937,6
ECOC20938,6
ECOC20939,6
ECOC20940,2
ECOC20941,2
ECOC20942,2
ECOC20943,6
ECOC20944,2
ECOC20945,2
ECOC20946,2
ECOC20947,2
ECOC20948,2
ECOC20949,2
ECOC20950,3
ECOC20951,1
ECOC20952,6
ECOC20953,6
ECOC20954,1
ECOC20955,3
ECOC20958,3
ECOC20960,0
ECOC20962,3
ECOC20964,6
ECOC20966,3
ECOC20968,3
ECOC20969,3
ECOC20970,3
ECOC20971,4
ECOC20972,3
ECOC20973,3
ECOC20974,3
ECOC20975,3
ECOC20976,3
ECOC20977,3
ECOC20978,3
ECOC20979,3
ECOC20980,3
ECOC20981,3
ECOC20982,3
ECOC20983,3
ECOC20984,3
ECOC20985,3
ECOC20986,3
ECOC20987,3
ECOC20988,3
ECOC20989,3
ECOC20990,3
ECOC20991,3
ECOC20992,3
ECOC20993,3
ECOC20994,3
ECOC20995,3
ECOC20996,3
ECOC20997,3
ECOC20998,3
ECOC20999,6
ECOC21,3
ECOC21000,3
ECOC21001,3
ECOC21002,3
ECOC21003,3
ECOC21004,3
ECOC21005,3
ECOC21006,3
ECOC21007,3
ECOC21008,3
ECOC21009,3
ECOC21010,3
ECOC21011,3
ECOC21012,3
ECOC21013,3
ECOC21014,3
ECOC21015,3
ECOC21016,3
ECOC21017,3
ECOC21018,3
ECOC21019,3
ECOC21020,3
ECOC21021,3
ECOC21022,3
ECOC21023,3
ECOC21024,3
ECOC21025,3
ECOC21026,4
ECOC21027,3
ECOC21028,3
ECOC21029,3
ECOC21030,3
ECOC21031,1
ECOC21032,3
ECOC21034,3
ECOC21035,1
ECOC21036,3
ECOC21037,3
ECOC21038,3
ECOC21039,3
ECOC21040,3
ECOC21041,3
ECOC21042,3
ECOC21043,3
ECOC21044,3
ECOC21045,3
ECOC21046,3
ECOC21047,3
ECOC21048,3
ECOC21049,3
ECOC21050,3
ECOC21051,3
ECOC21052,3
ECOC21053,3
ECOC21054,3
ECOC21055,3
ECOC21056,3
ECOC21057,3
ECOC21058,3
ECOC21059,3
ECOC21060,3
ECOC21061,3
ECOC21062,3
ECOC21063,3
ECOC21064,3
ECOC21065,3
ECOC21066,3
ECOC21067,3
ECOC21068,3
ECOC21069,3
ECOC21070,3
ECOC21071,3
ECOC21072,3
ECOC21073,3
ECOC21074,3
ECOC21075,3
ECOC21076,3
ECOC21077,3
ECOC21078,3
ECOC21079,3
ECOC21080,3
ECOC21081,3
ECOC21082,3
ECOC21083,3
ECOC21084,3
ECOC21085,3
ECOC21086,1
ECOC21087,3
ECOC21089,3
ECOC21090,5
ECOC21091,3
ECOC21092,1
ECOC21093,1
ECOC21094,6
ECOC21095,3
ECOC21096,1
ECOC21097,1
ECOC21098,3
ECOC21100,5
ECOC21101,3
ECOC21102,3
ECOC21103,3
ECOC21104,3
ECOC21105,3
ECOC21106,3
ECOC21108,1
ECOC21109,1
ECOC21111,0
ECOC21113,1
ECOC21116,2
ECOC21118,2
ECOC21120,3
ECOC21121,3
ECOC21122,3
ECOC21123,6
ECOC21124,3
ECOC21125,6
ECOC21126,3
ECOC21127,3
ECOC21128,3
ECOC21129,3
ECOC21130,3
ECOC21131,6
ECOC21132,3
ECOC21133,6
ECOC21134,2
ECOC21135,2
ECOC21136,6
ECOC21137,3
ECOC21138,2
ECOC21139,6
ECOC21140,3
ECOC21141,0
ECOC21142,3
ECOC21143,6
ECOC21144,6
ECOC21145,3
ECOC21147,6
ECOC21148,3
ECOC21149,1
ECOC21150,3
ECOC21151,3
ECOC21152,1
ECOC21153,3
ECOC21154,3
ECOC21156,3
ECOC21157,6
ECOC21158,6
ECOC21159,3
ECOC21160,0
ECOC21161,3
ECOC21162,6
ECOC21163,2
ECOC21164,6
ECOC21165,6
ECOC21166,2
ECOC21167,2
ECOC21168,6
ECOC21169,3
ECOC21170,6
ECOC21171,6
ECOC21172,6
ECOC21173,3
ECOC21174,3
ECOC21175,3
ECOC21176,6
ECOC21177,3
ECOC21178,6
ECOC21179,6
ECOC21180,3
ECOC21181,3
ECOC21182,3
ECOC21225,3
ECOC21226,3
ECOC21227,4
ECOC21228,3
ECOC21229,3
ECOC21230,3
ECOC21231,3
ECOC21232,3
ECOC21233,3
ECOC21234,2
ECOC21235,3
ECOC21236,3
ECOC21237,3
ECOC21238,2
ECOC21239,3
ECOC21240,3
ECOC21241,3
ECOC21242,3
ECOC21243,3
ECOC21244,3
ECOC21245,3
ECOC21246,3
ECOC21247,3
ECOC21248,3
ECOC21249,3
ECOC21250,3
ECOC21251,3
ECOC21252,3
ECOC21253,3
ECOC21254,3
ECOC21255,3
ECOC21256,3
ECOC21257,3
ECOC21258,3
ECOC21259,3
ECOC21260,3
ECOC21261,3
ECOC21262,3
ECOC21263,3
ECOC21264,3
ECOC21265,3
ECOC21266,3
ECOC21267,3
ECOC21268,3
ECOC21269,3
ECOC21270,3
ECOC21271,2
ECOC21272,3
ECOC21273,3
ECOC21274,3
ECOC21275,2
ECOC21276,3
ECOC21277,3
ECOC21278,3
ECOC21279,3
ECOC21280,3
ECOC21281,3
ECOC21282,4
ECOC21283,3
ECOC21284,3
ECOC21285,3
ECOC21286,5
ECOC21287,5
ECOC21288,3
ECOC21289,4
ECOC21290,3
ECOC21291,3
ECOC21292,3
ECOC21293,3
ECOC21294,3
ECOC21295,3
ECOC21296,3
ECOC21297,3
ECOC21298,3
ECOC21299,3
ECOC21300,3
ECOC21301,3
ECOC21302,3
ECOC21303,3
ECOC21304,3
ECOC21305,3
ECOC21306,3
ECOC21307,3
ECOC21308,3
ECOC21309,3
ECOC21310,3
ECOC21311,3
ECOC21312,3
ECOC21313,3
ECOC21314,3
ECOC21315,3
ECOC21316,3
ECOC21317,3
ECOC21318,3
ECOC21319,3
ECOC21320,3
ECOC21321,3
ECOC21322,3
ECOC21323,3
ECOC21324,3
ECOC21325,3
ECOC21326,3
ECOC21327,3
ECOC21328,6
ECOC21329,3
ECOC21330,3
ECOC21331,3
ECOC21332,3
ECOC21333,3
ECOC21334,3
ECOC21335,3
ECOC21336,3
ECOC21337,3
ECOC21338,3
ECOC21339,3
ECOC21340,3
ECOC21341,3
ECOC21342,3
ECOC21343,3
ECOC21344,4
ECOC21345,3
ECOC21346,3
ECOC21347,5
ECOC21348,3
ECOC21349,3
ECOC21350,3
ECOC21351,3
ECOC21352,3
ECOC21353,3
ECOC21354,3
ECOC21355,3
ECOC21356,3
ECOC21357,3
ECOC21358,3
ECOC21359,3
ECOC21360,3
ECOC21361,3
ECOC21362,2
ECOC21364,5
ECOC21366,2
ECOC21368,2
ECOC21369,3
ECOC21371,3
ECOC21373,3
ECOC21374,3
ECOC21375,3
ECOC21376,3
ECOC21377,3
ECOC21378,3
ECOC21379,3
ECOC21380,3
ECOC21381,3
ECOC21382,3
ECOC21383,3
ECOC21384,3
ECOC21385,3
ECOC21386,3
ECOC21387,3
ECOC21388,3
ECOC21389,3
ECOC21390,3
ECOC21391,3
ECOC21392,3
ECOC21393,3
ECOC21394,3
ECOC21395,3
ECOC21396,3
ECOC21397,3
ECOC21398,3
ECOC21399,3
ECOC21400,3
ECOC21401,3
ECOC21402,3
ECOC21403,3
ECOC21404,3
ECOC21405,3
ECOC21406,3
ECOC21407,3
ECOC21408,3
ECOC21409,3
ECOC21410,3
ECOC21411,3
ECOC21412,3
ECOC21413,3
ECOC21414,3
ECOC21415,3
ECOC21416,3
ECOC21417,3
ECOC21418,3
ECOC21419,3
ECOC21420,3
ECOC21421,3
ECOC21422,3
ECOC21423,3
ECOC21424,3
ECOC21425,3
ECOC21426,3
ECOC21427,3
ECOC21428,3
ECOC21429,3
ECOC21430,3
ECOC21431,3
ECOC21432,3
ECOC21433,3
ECOC21434,3
ECOC21435,3
ECOC21436,3
ECOC21437,3
ECOC21438,3
ECOC21439,3
ECOC21440,3
ECOC21441,3
ECOC21442,3
ECOC21443,3
ECOC21444,3
ECOC21445,3
ECOC21446,3
ECOC21447,3
ECOC21448,3
ECOC21449,3
ECOC21450,3
ECOC21451,3
ECOC21452,3
ECOC21453,3
ECOC21454,3
ECOC21455,3
ECOC21456,3
ECOC21457,3
ECOC21458,3
ECOC21459,3
ECOC21460,3
ECOC21461,3
ECOC21462,3
ECOC21463,3
ECOC21464,3
ECOC21465,3
ECOC21466,3
ECOC21467,3
ECOC21468,3
ECOC21469,3
ECOC21470,3
ECOC21471,3
ECOC21472,3
ECOC21473,3
ECOC21474,3
ECOC21475,3
ECOC21476,3
ECOC21477,3
ECOC21478,3
ECOC21479,3
ECOC21480,3
ECOC21481,3
ECOC21482,3
ECOC21483,3
ECOC21484,3
ECOC21485,3
ECOC21486,3
ECOC21487,3
ECOC21488,3
ECOC21489,3
ECOC21490,3
ECOC21491,3
ECOC21492,3
ECOC21493,3
ECOC21494,3
ECOC21495,3
ECOC21496,3
ECOC21497,3
ECOC21498,3
ECOC21499,3
ECOC21500,3
ECOC21501,3
ECOC21502,3
ECOC21503,3
ECOC21504,3
ECOC21505,3
ECOC21506,3
ECOC21507,3
ECOC21508,3
ECOC21509,3
ECOC21510,3
ECOC21511,3
ECOC21512,3
ECOC21513,3
ECOC21514,3
ECOC21515,3
ECOC21516,3
ECOC21517,3
ECOC21518,3
ECOC21519,3
ECOC21520,3
ECOC21521,3
ECOC21522,3
ECOC21523,3
ECOC21524,3
ECOC21525,3
ECOC21526,3
ECOC21527,3
ECOC21528,3
ECOC21529,3
ECOC21530,3
ECOC21531,3
ECOC21532,3
ECOC21533,3
ECOC21534,3
ECOC21535,3
ECOC21536,3
ECOC21537,3
ECOC21538,3
ECOC21539,3
ECOC21540,3
ECOC21541,3
ECOC21542,3
ECOC21543,3
ECOC21544,3
ECOC21545,3
ECOC21546,3
ECOC21547,3
ECOC21548,3
ECOC21549,3
ECOC21550,3
ECOC21551,3
ECOC21552,3
ECOC21553,3
ECOC21554,3
ECOC21555,3
ECOC21556,3
ECOC21557,3
ECOC21558,3
ECOC21559,3
ECOC21560,3
ECOC21561,3
ECOC21562,3
ECOC21563,3
ECOC21564,3
ECOC21565,3
ECOC21566,3
ECOC21567,3
ECOC21568,3
ECOC21569,3
ECOC21570,3
ECOC21571,3
ECOC21572,3
ECOC21573,3
ECOC21574,3
ECOC21575,3
ECOC21576,3
ECOC21577,3
ECOC21578,3
ECOC21579,3
ECOC21580,3
ECOC21581,3
ECOC21582,3
ECOC21583,3
ECOC21584,3
ECOC21585,3
ECOC21586,3
ECOC21587,3
ECOC21588,3
ECOC21589,3
ECOC21590,3
ECOC21591,3
ECOC21592,3
ECOC21593,3
ECOC21594,3
ECOC21595,3
ECOC21596,3
ECOC21597,3
ECOC21598,3
ECOC21599,3
ECOC21600,3
ECOC21601,3
ECOC21602,3
ECOC21603,3
ECOC21604,3
ECOC21605,3
ECOC21606,3
ECOC21607,3
ECOC21608,3
ECOC21609,3
ECOC21610,3
ECOC21611,3
ECOC21612,3
ECOC21613,3
ECOC21614,3
ECOC21615,3
ECOC21616,3
ECOC21617,3
ECOC21618,3
ECOC21619,3
ECOC21620,3
ECOC21621,3
ECOC21622,3
ECOC21623,3
ECOC21624,3
ECOC21625,3
ECOC21626,3
ECOC21627,3
ECOC21628,3
ECOC21629,3
ECOC21630,3
ECOC21631,3
ECOC21632,3
ECOC21633,3
ECOC21634,3
ECOC21635,3
ECOC21636,3
ECOC21637,3
ECOC21638,3
ECOC21639,3
ECOC21640,3
ECOC21641,3
ECOC21642,3
ECOC21643,3
ECOC21644,3
ECOC21645,3
ECOC21646,3
ECOC21647,3
ECOC21648,3
ECOC21649,3
ECOC21650,3
ECOC21651,3
ECOC21652,3
ECOC21653,3
ECOC21654,3
ECOC21655,3
ECOC21656,3
ECOC21657,3
ECOC21658,3
ECOC21659,3
ECOC21660,3
ECOC21661,3
ECOC21662,3
ECOC21663,3
ECOC21664,3
ECOC21665,3
ECOC21666,3
ECOC21667,3
ECOC21668,3
ECOC21669,3
ECOC21670,3
ECOC21671,3
ECOC21672,3
ECOC21673,3
ECOC21674,3
ECOC21675,3
ECOC21676,3
ECOC21677,3
ECOC21678,3
ECOC21679,3
ECOC21680,3
ECOC21681,3
ECOC21682,3
ECOC21683,3
ECOC21684,3
ECOC21685,3
ECOC21686,3
ECOC21687,3
ECOC21688,3
ECOC21689,3
ECOC21690,3
ECOC21691,3
ECOC21692,3
ECOC21693,3
ECOC21694,3
ECOC21695,3
ECOC21696,3
ECOC21697,3
ECOC21698,3
ECOC21699,3
ECOC21700,3
ECOC21701,3
ECOC21702,3
ECOC21703,3
ECOC21704,3
ECOC21705,3
ECOC21706,3
ECOC21707,3
ECOC21708,3
ECOC21709,3
ECOC21710,3
ECOC21711,3
ECOC21712,3
ECOC21713,3
ECOC21714,3
ECOC21715,3
ECOC21716,3
ECOC21717,3
ECOC21718,3
ECOC21719,3
ECOC21720,3
ECOC21721,3
ECOC21722,3
ECOC21723,3
ECOC21724,3
ECOC21725,3
ECOC21726,3
ECOC21727,3
ECOC21728,3
ECOC21729,3
ECOC21730,3
ECOC21731,3
ECOC21732,3
ECOC21733,3
ECOC21734,3
ECOC21735,3
ECOC21736,3
ECOC21737,3
ECOC21738,3
ECOC21739,3
ECOC21740,3
ECOC21741,3
ECOC21742,3
ECOC21743,3
ECOC21744,3
ECOC21745,3
ECOC21746,3
ECOC21747,3
ECOC21748,3
ECOC21749,3
ECOC21750,3
ECOC21751,3
ECOC21752,3
ECOC21753,3
ECOC21754,3
ECOC21755,3
ECOC21756,3
ECOC21757,3
ECOC21758,3
ECOC21759,3
ECOC21760,3
ECOC21761,3
ECOC21762,3
ECOC21763,3
ECOC21764,3
ECOC21765,3
ECOC21766,3
ECOC21767,3
ECOC21768,3
ECOC21769,3
ECOC21770,3
ECOC21771,3
ECOC21772,3
ECOC21773,3
ECOC21774,3
ECOC21775,3
ECOC21776,3
ECOC21777,3
ECOC21778,3
ECOC21779,3
ECOC21780,3
ECOC21781,3
ECOC21782,3
ECOC21783,3
ECOC21784,3
ECOC21785,3
ECOC21786,3
ECOC21787,3
ECOC21788,3
ECOC21789,3
ECOC21790,3
ECOC21791,3
ECOC21792,3
ECOC21793,3
ECOC21794,3
ECOC21795,3
ECOC21796,3
ECOC21797,3
ECOC21798,3
ECOC21799,3
ECOC21800,3
ECOC21801,3
ECOC21802,3
ECOC21803,3
ECOC21804,3
ECOC21805,3
ECOC21806,3
ECOC21807,3
ECOC21808,3
ECOC21809,3
ECOC21810,3
ECOC21811,3
ECOC21812,3
ECOC21813,3
ECOC21814,3
ECOC21815,3
ECOC21816,3
ECOC21817,3
ECOC21818,3
ECOC21819,3
ECOC21820,3
ECOC21821,3
ECOC21822,3
ECOC21823,3
ECOC21824,3
ECOC21825,3
ECOC21826,3
ECOC21827,3
ECOC21828,3
ECOC21829,3
ECOC21830,3
ECOC21831,3
ECOC21832,3
ECOC21833,3
ECOC21834,3
ECOC21835,3
ECOC21836,3
ECOC21837,3
ECOC21838,3
ECOC21839,3
ECOC21840,3
ECOC21841,3
ECOC21842,3
ECOC21843,3
ECOC21844,3
ECOC21845,3
ECOC21846,3
ECOC21847,3
ECOC21848,3
ECOC21849,3
ECOC21850,3
ECOC21851,3
ECOC21852,3
ECOC21853,3
ECOC21854,3
ECOC21855,3
ECOC21856,3
ECOC21857,3
ECOC21858,3
ECOC21859,3
ECOC21860,3
ECOC21861,3
ECOC21862,3
ECOC21863,3
ECOC21864,3
ECOC21865,3
ECOC21866,3
ECOC21867,3
ECOC21868,3
ECOC21869,3
ECOC21870,3
ECOC21871,3
ECOC21872,3
ECOC21873,3
ECOC21874,3
ECOC21875,3
ECOC21876,3
ECOC21877,3
ECOC21878,3
ECOC21879,3
ECOC21880,3
ECOC21881,3
ECOC21882,3
ECOC21883,3
ECOC21884,3
ECOC21885,3
ECOC21886,3
ECOC21887,3
ECOC21888,3
ECOC21889,3
ECOC21890,3
ECOC21891,3
ECOC21892,3
ECOC21893,3
ECOC21894,3
ECOC21895,3
ECOC21896,3
ECOC21897,3
ECOC21898,3
ECOC21899,3
ECOC21900,3
ECOC21901,3
ECOC21902,3
ECOC21903,3
ECOC21904,3
ECOC21905,3
ECOC21906,3
ECOC21907,3
ECOC21908,3
ECOC21909,3
ECOC21910,3
ECOC21911,3
ECOC21912,3
ECOC21913,3
ECOC21914,3
ECOC21915,3
ECOC21916,3
ECOC21917,3
ECOC21918,3
ECOC21919,3
ECOC21920,3
ECOC21921,3
ECOC21922,3
ECOC21923,3
ECOC21924,3
ECOC21925,3
ECOC21926,3
ECOC21927,3
ECOC21928,3
ECOC21929,3
ECOC21930,3
ECOC21931,3
ECOC21932,3
ECOC21933,3
ECOC21934,3
ECOC21935,3
ECOC21936,3
ECOC21937,3
ECOC21938,3
ECOC21939,3
ECOC21940,3
ECOC21941,3
ECOC21942,3
ECOC21943,3
ECOC21944,3
ECOC21945,3
ECOC21946,3
ECOC21947,3
ECOC21948,3
ECOC21949,3
ECOC21950,3
ECOC21951,3
ECOC21952,3
ECOC21953,3
ECOC21954,3
ECOC21955,3
ECOC21956,3
ECOC21957,3
ECOC21958,3
ECOC21959,3
ECOC21960,3
ECOC21961,3
ECOC21962,3
ECOC21963,3
ECOC21964,3
ECOC21965,3
ECOC21966,3
ECOC21967,3
ECOC21968,3
ECOC21969,3
ECOC21970,3
ECOC21971,3
ECOC21972,3
ECOC21973,3
ECOC21974,3
ECOC21975,3
ECOC21976,3
ECOC21977,3
ECOC21978,3
ECOC21979,3
ECOC21980,3
ECOC21981,3
ECOC21982,3
ECOC21983,3
ECOC21984,3
ECOC21985,3
ECOC21986,3
ECOC21987,3
ECOC21988,3
ECOC21989,3
ECOC21990,3
ECOC21991,3
ECOC21992,3
ECOC21993,3
ECOC21994,3
ECOC21995,3
ECOC21996,3
ECOC21997,3
ECOC21998,3
ECOC21999,2
ECOC22,3
ECOC22000,3
ECOC22001,3
ECOC22002,3
ECOC22003,3
ECOC22004,3
ECOC22005,3
ECOC22006,3
ECOC22007,3
ECOC22008,3
ECOC22009,3
ECOC22010,3
ECOC22011,3
ECOC22012,3
ECOC22013,3
ECOC22014,3
ECOC22015,3
ECOC22016,3
ECOC22017,3
ECOC22018,3
ECOC22019,3
ECOC22020,3
ECOC22021,3
ECOC22022,3
ECOC22023,3
ECOC22024,3
ECOC22025,3
ECOC22026,3
ECOC22027,3
ECOC22028,3
ECOC22029,3
ECOC22030,3
ECOC22031,3
ECOC22032,3
ECOC22033,3
ECOC22034,3
ECOC22035,3
ECOC22036,3
ECOC22037,3
ECOC22038,3
ECOC22039,3
ECOC22040,3
ECOC22041,3
ECOC22042,3
ECOC22043,3
ECOC22044,3
ECOC22045,3
ECOC22046,3
ECOC22047,3
ECOC22048,3
ECOC22049,3
ECOC22050,3
ECOC22051,3
ECOC22052,3
ECOC22053,3
ECOC22054,3
ECOC22055,3
ECOC22056,3
ECOC22057,3
ECOC22058,3
ECOC22059,3
ECOC22060,3
ECOC22061,3
ECOC22062,3
ECOC22063,3
ECOC22064,3
ECOC22065,3
ECOC22066,3
ECOC22067,3
ECOC22068,3
ECOC22069,3
ECOC22070,3
ECOC22071,3
ECOC22072,3
ECOC22073,3
ECOC22074,3
ECOC22075,3
ECOC22076,3
ECOC22077,3
ECOC22078,3
ECOC22079,3
ECOC22080,3
ECOC22081,3
ECOC22082,3
ECOC22083,3
ECOC22084,3
ECOC22085,3
ECOC22086,3
ECOC22087,3
ECOC22088,3
ECOC22089,3
ECOC22090,3
ECOC22091,3
ECOC22092,3
ECOC22093,3
ECOC22094,3
ECOC22095,3
ECOC22096,3
ECOC22097,3
ECOC22098,3
ECOC22099,3
ECOC22100,3
ECOC22101,3
ECOC22102,3
ECOC22103,3
ECOC22104,3
ECOC22105,3
ECOC22106,3
ECOC22107,3
ECOC22108,3
ECOC22109,3
ECOC22110,3
ECOC22111,3
ECOC22112,3
ECOC22113,3
ECOC22114,3
ECOC22115,3
ECOC22116,3
ECOC22117,3
ECOC22118,3
ECOC22119,3
ECOC22120,3
ECOC22121,3
ECOC22122,3
ECOC22123,3
ECOC22124,3
ECOC22125,3
ECOC22126,3
ECOC22127,3
ECOC22128,3
ECOC22129,3
ECOC22130,3
ECOC22131,3
ECOC22132,3
ECOC22133,3
ECOC22134,3
ECOC22135,3
ECOC22136,3
ECOC22137,3
ECOC22138,3
ECOC22139,3
ECOC22140,3
ECOC22141,3
ECOC22142,3
ECOC22143,3
ECOC22144,3
ECOC22145,3
ECOC22146,3
ECOC22147,3
ECOC22148,3
ECOC22149,3
ECOC22150,3
ECOC22151,3
ECOC22152,3
ECOC22153,3
ECOC22154,3
ECOC22155,3
ECOC22156,3
ECOC22157,3
ECOC22158,3
ECOC22159,3
ECOC22160,3
ECOC22161,3
ECOC22162,3
ECOC22163,3
ECOC22164,3
ECOC22165,3
ECOC22166,3
ECOC22167,3
ECOC22168,3
ECOC22169,3
ECOC22170,3
ECOC22171,3
ECOC22172,3
ECOC22173,3
ECOC22174,3
ECOC22175,3
ECOC22176,3
ECOC22177,3
ECOC22178,3
ECOC22179,3
ECOC22180,3
ECOC22181,3
ECOC22182,3
ECOC22183,3
ECOC22184,3
ECOC22185,3
ECOC22186,3
ECOC22187,3
ECOC22188,3
ECOC22189,3
ECOC22190,3
ECOC22191,3
ECOC22192,3
ECOC22193,3
ECOC22194,3
ECOC22195,3
ECOC22196,3
ECOC22197,3
ECOC22198,3
ECOC22199,3
ECOC22200,3
ECOC22201,3
ECOC22202,3
ECOC22203,3
ECOC22204,3
ECOC22205,3
ECOC22206,3
ECOC22207,3
ECOC22208,3
ECOC22209,3
ECOC22210,3
ECOC22211,3
ECOC22212,3
ECOC22213,3
ECOC22214,3
ECOC22215,3
ECOC22216,3
ECOC22217,3
ECOC22218,3
ECOC22219,3
ECOC22220,3
ECOC22221,3
ECOC22222,3
ECOC22223,3
ECOC22224,3
ECOC22225,3
ECOC22226,3
ECOC22227,3
ECOC22228,3
ECOC22229,3
ECOC22230,3
ECOC22231,3
ECOC22232,3
ECOC22233,3
ECOC22234,3
ECOC22235,3
ECOC22236,3
ECOC22237,3
ECOC22238,3
ECOC22239,3
ECOC22240,3
ECOC22241,3
ECOC22242,3
ECOC22243,3
ECOC22244,3
ECOC22245,3
ECOC22246,3
ECOC22247,3
ECOC22248,3
ECOC22249,3
ECOC22250,3
ECOC22251,3
ECOC22252,3
ECOC22253,3
ECOC22254,3
ECOC22255,3
ECOC22256,3
ECOC22257,3
ECOC22258,3
ECOC22259,3
ECOC22260,3
ECOC22261,3
ECOC22262,3
ECOC22263,3
ECOC22264,3
ECOC22265,3
ECOC22266,3
ECOC22267,3
ECOC22268,3
ECOC22269,3
ECOC22270,3
ECOC22271,3
ECOC22272,3
ECOC22273,3
ECOC22274,3
ECOC22275,3
ECOC22276,3
ECOC22277,3
ECOC22278,3
ECOC22279,3
ECOC22280,3
ECOC22281,3
ECOC22282,3
ECOC22283,3
ECOC22284,3
ECOC22285,3
ECOC22286,3
ECOC22287,3
ECOC22288,3
ECOC22289,3
ECOC22290,3
ECOC22291,3
ECOC22292,3
ECOC22293,3
ECOC22294,3
ECOC22295,3
ECOC22296,3
ECOC22297,3
ECOC22298,3
ECOC22299,3
ECOC22300,3
ECOC22301,3
ECOC22302,3
ECOC22303,3
ECOC22304,3
ECOC22305,3
ECOC22306,3
ECOC22307,3
ECOC22308,3
ECOC22309,3
ECOC22310,3
ECOC22311,3
ECOC22312,3
ECOC22313,3
ECOC22314,3
ECOC22315,3
ECOC22316,3
ECOC22317,3
ECOC22318,3
ECOC22319,3
ECOC22320,3
ECOC22321,3
ECOC22322,3
ECOC22323,3
ECOC22324,3
ECOC22325,3
ECOC22326,3
ECOC22327,3
ECOC22328,3
ECOC22329,3
ECOC22330,3
ECOC22331,3
ECOC22332,3
ECOC22333,3
ECOC22334,3
ECOC22335,3
ECOC22336,3
ECOC22337,3
ECOC22338,3
ECOC22339,3
ECOC22340,3
ECOC22341,3
ECOC22342,3
ECOC22343,3
ECOC22344,3
ECOC22345,3
ECOC22346,3
ECOC22347,3
ECOC22348,3
ECOC22349,3
ECOC22350,3
ECOC22351,3
ECOC22352,3
ECOC22353,3
ECOC22354,3
ECOC22355,3
ECOC22356,3
ECOC22357,3
ECOC22358,3
ECOC22359,3
ECOC22360,3
ECOC22361,3
ECOC22362,3
ECOC22363,3
ECOC22364,3
ECOC22365,3
ECOC22366,3
ECOC22367,3
ECOC22368,3
ECOC22369,3
ECOC22370,3
ECOC22371,3
ECOC22372,3
ECOC22373,3
ECOC22374,3
ECOC22375,3
ECOC22376,3
ECOC22377,3
ECOC22378,3
ECOC22379,3
ECOC22380,3
ECOC22381,3
ECOC22382,3
ECOC22383,3
ECOC22384,3
ECOC22385,3
ECOC22386,3
ECOC22387,3
ECOC22388,3
ECOC22389,3
ECOC22390,3
ECOC22391,3
ECOC22392,3
ECOC22393,3
ECOC22394,3
ECOC22395,3
ECOC22396,3
ECOC22397,3
ECOC22398,3
ECOC22399,3
ECOC22400,3
ECOC22401,3
ECOC22402,3
ECOC22403,3
ECOC22404,3
ECOC22405,3
ECOC22406,3
ECOC22407,3
ECOC22408,3
ECOC22409,3
ECOC22410,3
ECOC22411,3
ECOC22412,3
ECOC22413,3
ECOC22414,3
ECOC22415,3
ECOC22416,3
ECOC22417,3
ECOC22418,3
ECOC22419,3
ECOC22420,3
ECOC22421,3
ECOC22422,3
ECOC22423,3
ECOC22424,3
ECOC22425,3
ECOC22426,3
ECOC22427,3
ECOC22428,3
ECOC22429,3
ECOC22430,3
ECOC22431,3
ECOC22432,3
ECOC22433,3
ECOC22434,3
ECOC22435,3
ECOC22436,3
ECOC22437,3
ECOC22438,3
ECOC22439,3
ECOC22440,3
ECOC22441,3
ECOC22442,3
ECOC22443,3
ECOC22444,3
ECOC22445,3
ECOC22446,3
ECOC22447,3
ECOC22448,3
ECOC22449,3
ECOC22450,3
ECOC22451,3
ECOC22452,3
ECOC22453,3
ECOC22454,3
ECOC22455,3
ECOC22456,3
ECOC22457,3
ECOC22458,3
ECOC22459,3
ECOC22460,3
ECOC22461,3
ECOC22462,3
ECOC22463,3
ECOC22464,3
ECOC22465,3
ECOC22466,3
ECOC22467,3
ECOC22468,3
ECOC22469,3
ECOC22470,3
ECOC22471,3
ECOC22472,3
ECOC22473,3
ECOC22474,3
ECOC22475,3
ECOC22476,3
ECOC22477,3
ECOC22478,3
ECOC22479,3
ECOC22480,3
ECOC22481,3
ECOC22482,3
ECOC22483,3
ECOC22484,3
ECOC22485,3
ECOC22486,3
ECOC22487,3
ECOC22488,3
ECOC22489,3
ECOC22490,3
ECOC22491,3
ECOC22492,3
ECOC22493,3
ECOC22494,3
ECOC22495,3
ECOC22496,3
ECOC22497,3
ECOC22498,3
ECOC22499,3
ECOC22500,3
ECOC22501,3
ECOC22502,3
ECOC22503,3
ECOC22504,3
ECOC22505,3
ECOC22506,3
ECOC22507,3
ECOC22508,3
ECOC22509,3
ECOC22510,3
ECOC22511,3
ECOC22512,3
ECOC22513,3
ECOC22514,3
ECOC22515,3
ECOC22516,3
ECOC22517,3
ECOC22518,3
ECOC22519,3
ECOC22520,3
ECOC22521,3
ECOC22522,3
ECOC22523,3
ECOC22524,3
ECOC22525,3
ECOC22526,3
ECOC22527,3
ECOC22528,3
ECOC22529,3
ECOC22530,3
ECOC22531,3
ECOC22532,3
ECOC22533,3
ECOC22534,3
ECOC22535,3
ECOC22536,3
ECOC22537,3
ECOC22538,3
ECOC22539,3
ECOC22540,3
ECOC22541,3
ECOC22542,3
ECOC22543,3
ECOC22544,3
ECOC22545,3
ECOC22546,3
ECOC22547,3
ECOC22548,3
ECOC22549,3
ECOC22550,3
ECOC22551,3
ECOC22552,3
ECOC22553,3
ECOC22554,3
ECOC22555,3
ECOC22556,3
ECOC22557,3
ECOC22558,3
ECOC22559,3
ECOC22560,3
ECOC22561,3
ECOC22562,3
ECOC22563,3
ECOC22564,3
ECOC22565,3
ECOC22566,3
ECOC22567,3
ECOC22568,3
ECOC22569,3
ECOC22570,3
ECOC22571,3
ECOC22572,3
ECOC22573,3
ECOC22574,3
ECOC22575,3
ECOC22576,3
ECOC22577,3
ECOC22578,3
ECOC22579,3
ECOC22580,3
ECOC22581,3
ECOC22582,3
ECOC22583,3
ECOC22584,3
ECOC22585,3
ECOC22586,3
ECOC22587,3
ECOC22588,3
ECOC22589,3
ECOC22590,3
ECOC22591,3
ECOC22592,3
ECOC22593,3
ECOC22594,3
ECOC22595,3
ECOC22596,3
ECOC22597,3
ECOC22598,3
ECOC22599,3
ECOC22600,3
ECOC22601,3
ECOC22602,3
ECOC22603,3
ECOC22604,3
ECOC22605,3
ECOC22606,3
ECOC22607,3
ECOC22608,3
ECOC22609,3
ECOC22610,3
ECOC22611,3
ECOC22612,3
ECOC22613,3
ECOC22614,3
ECOC22615,3
ECOC22616,3
ECOC22617,3
ECOC22618,3
ECOC22619,3
ECOC22620,3
ECOC22621,3
ECOC22622,3
ECOC22623,3
ECOC22624,3
ECOC22625,3
ECOC22626,3
ECOC22627,3
ECOC22628,3
ECOC22629,3
ECOC22630,3
ECOC22631,3
ECOC22632,3
ECOC22633,3
ECOC22634,3
ECOC22635,3
ECOC22636,3
ECOC22637,3
ECOC22638,3
ECOC22639,3
ECOC22640,3
ECOC22641,3
ECOC22642,3
ECOC22643,3
ECOC22644,3
ECOC22645,3
ECOC22646,3
ECOC22647,3
ECOC22648,3
ECOC22649,3
ECOC22650,3
ECOC22651,3
ECOC22652,3
ECOC22653,3
ECOC22654,3
ECOC22655,3
ECOC22656,3
ECOC22657,3
ECOC22658,3
ECOC22659,3
ECOC22660,3
ECOC22661,3
ECOC22662,3
ECOC22663,3
ECOC22664,3
ECOC22665,3
ECOC22666,3
ECOC22667,3
ECOC22668,3
ECOC22669,3
ECOC22670,3
ECOC22671,3
ECOC22672,3
ECOC22673,3
ECOC22674,3
ECOC22675,3
ECOC22676,3
ECOC22677,3
ECOC22678,3
ECOC22679,3
ECOC22680,3
ECOC22681,3
ECOC22682,3
ECOC22683,3
ECOC22684,3
ECOC22685,3
ECOC22686,3
ECOC22687,3
ECOC22688,3
ECOC22689,3
ECOC22690,3
ECOC22691,3
ECOC22692,3
ECOC22693,3
ECOC22694,3
ECOC22695,3
ECOC22696,3
ECOC22697,3
ECOC22698,3
ECOC22699,3
ECOC22700,3
ECOC22701,3
ECOC22702,3
ECOC22703,3
ECOC22704,3
ECOC22705,3
ECOC22706,3
ECOC22707,3
ECOC22708,3
ECOC22709,3
ECOC22710,3
ECOC22711,3
ECOC22712,3
ECOC22713,3
ECOC22714,3
ECOC22715,3
ECOC22716,3
ECOC22717,3
ECOC22718,3
ECOC22719,3
ECOC22720,3
ECOC22721,3
ECOC22722,3
ECOC22723,3
ECOC22724,3
ECOC22725,3
ECOC22726,3
ECOC22727,3
ECOC22728,3
ECOC22729,3
ECOC22730,3
ECOC22731,3
ECOC22732,3
ECOC22733,3
ECOC22734,3
ECOC22735,3
ECOC22736,3
ECOC22737,3
ECOC22738,3
ECOC22739,3
ECOC22740,3
ECOC22741,3
ECOC22742,3
ECOC22743,3
ECOC22744,3
ECOC22745,3
ECOC22746,3
ECOC22747,3
ECOC22748,3
ECOC22749,3
ECOC22750,3
ECOC22751,3
ECOC22752,3
ECOC22753,3
ECOC22754,3
ECOC22755,3
ECOC22756,3
ECOC22757,3
ECOC22758,3
ECOC22759,3
ECOC22760,3
ECOC22761,3
ECOC22762,3
ECOC22763,3
ECOC22764,3
ECOC22765,3
ECOC22766,3
ECOC22767,3
ECOC22768,3
ECOC22769,3
ECOC22770,3
ECOC22771,3
ECOC22772,3
ECOC22773,3
ECOC22774,3
ECOC22775,3
ECOC22776,3
ECOC22777,3
ECOC22778,3
ECOC22779,3
ECOC22780,3
ECOC22781,3
ECOC22782,3
ECOC22783,3
ECOC22784,3
ECOC22785,3
ECOC22786,3
ECOC22787,3
ECOC22788,3
ECOC22789,3
ECOC22790,3
ECOC22791,3
ECOC22792,3
ECOC22793,3
ECOC22794,3
ECOC22795,3
ECOC22796,3
ECOC22797,3
ECOC22798,3
ECOC22799,3
ECOC22800,3
ECOC22801,3
ECOC22802,3
ECOC22803,3
ECOC22804,3
ECOC22805,3
ECOC22806,3
ECOC22807,3
ECOC22808,3
ECOC22809,3
ECOC22810,3
ECOC22811,3
ECOC22812,3
ECOC22813,3
ECOC22814,3
ECOC22815,3
ECOC22816,3
ECOC22817,3
ECOC22818,3
ECOC22819,3
ECOC22820,3
ECOC22821,3
ECOC22822,3
ECOC22823,3
ECOC22824,3
ECOC22825,3
ECOC22826,3
ECOC22827,3
ECOC22828,3
ECOC22829,3
ECOC22830,3
ECOC22831,3
ECOC22832,3
ECOC22833,3
ECOC22834,3
ECOC22835,3
ECOC22836,3
ECOC22837,3
ECOC22838,3
ECOC22839,3
ECOC22840,3
ECOC22841,3
ECOC22842,3
ECOC22843,3
ECOC22844,3
ECOC22845,3
ECOC22846,3
ECOC22847,3
ECOC22848,3
ECOC22849,3
ECOC22850,3
ECOC22851,3
ECOC22852,3
ECOC22853,3
ECOC22854,3
ECOC22855,3
ECOC22856,3
ECOC22857,3
ECOC22858,3
ECOC22859,3
ECOC22860,3
ECOC22861,3
ECOC22862,3
ECOC22863,3
ECOC22864,3
ECOC22865,3
ECOC22866,3
ECOC22867,3
ECOC22868,3
ECOC22869,3
ECOC22870,3
ECOC22871,3
ECOC22872,3
ECOC22873,3
ECOC22874,3
ECOC22875,3
ECOC22876,3
ECOC22877,3
ECOC22878,3
ECOC22879,3
ECOC22880,3
ECOC22881,3
ECOC22882,3
ECOC22883,3
ECOC22884,3
ECOC22885,3
ECOC22886,3
ECOC22887,3
ECOC22888,3
ECOC22889,3
ECOC22890,3
ECOC22891,3
ECOC22892,3
ECOC22893,3
ECOC22894,3
ECOC22895,3
ECOC22896,3
ECOC22897,3
ECOC22898,3
ECOC22899,3
ECOC22900,3
ECOC22901,3
ECOC22902,3
ECOC22903,3
ECOC22904,3
ECOC22905,3
ECOC22906,3
ECOC22907,3
ECOC22908,3
ECOC22909,3
ECOC22910,3
ECOC22911,3
ECOC22912,3
ECOC22913,3
ECOC22914,3
ECOC22915,3
ECOC22916,3
ECOC22917,3
ECOC22918,3
ECOC22919,3
ECOC22920,3
ECOC22921,3
ECOC22922,3
ECOC22923,3
ECOC22924,3
ECOC22925,3
ECOC22926,3
ECOC22927,3
ECOC22928,3
ECOC22929,3
ECOC22930,3
ECOC22931,3
ECOC22932,3
ECOC22933,3
ECOC22934,3
ECOC22935,3
ECOC22936,3
ECOC22937,3
ECOC22938,3
ECOC22939,3
ECOC22940,3
ECOC22941,3
ECOC22942,3
ECOC22943,3
ECOC22944,3
ECOC22945,3
ECOC22946,3
ECOC22947,3
ECOC22948,3
ECOC22949,3
ECOC22950,3
ECOC22951,3
ECOC22952,3
ECOC22953,3
ECOC22954,3
ECOC22955,3
ECOC22956,3
ECOC22957,3
ECOC22958,3
ECOC22959,3
ECOC22960,3
ECOC22961,3
ECOC22962,3
ECOC22963,3
ECOC22964,3
ECOC22965,3
ECOC22966,3
ECOC22967,3
ECOC22968,3
ECOC22969,3
ECOC22970,3
ECOC22971,3
ECOC22972,3
ECOC22973,3
ECOC22974,3
ECOC22975,3
ECOC22976,3
ECOC22977,3
ECOC22978,3
ECOC22979,3
ECOC22980,3
ECOC22981,3
ECOC22982,3
ECOC22983,3
ECOC22984,3
ECOC22985,3
ECOC22986,3
ECOC22987,3
ECOC22988,3
ECOC22989,3
ECOC22990,3
ECOC22991,3
ECOC22992,3
ECOC22993,3
ECOC22994,3
ECOC22995,3
ECOC22996,3
ECOC22997,3
ECOC22998,3
ECOC22999,2
ECOC23,3
ECOC23000,3
ECOC23001,3
ECOC23002,3
ECOC23003,3
ECOC23004,3
ECOC23005,3
ECOC23006,3
ECOC23007,3
ECOC23008,3
ECOC23009,3
ECOC23010,3
ECOC23011,3
ECOC23012,3
ECOC23013,3
ECOC23014,3
ECOC23015,3
ECOC23016,3
ECOC23017,3
ECOC23018,3
ECOC23019,3
ECOC23020,3
ECOC23021,3
ECOC23022,3
ECOC23023,3
ECOC23024,3
ECOC23025,3
ECOC23026,3
ECOC23027,3
ECOC23028,3
ECOC23029,3
ECOC23030,3
ECOC23031,3
ECOC23032,3
ECOC23033,3
ECOC23034,3
ECOC23035,3
ECOC23036,3
ECOC23037,3
ECOC23038,3
ECOC23039,3
ECOC23040,3
ECOC23041,3
ECOC23042,3
ECOC23043,3
ECOC23044,3
ECOC23045,3
ECOC23046,3
ECOC23047,3
ECOC23048,3
ECOC23049,3
ECOC23050,3
ECOC23051,3
ECOC23052,3
ECOC23053,3
ECOC23054,3
ECOC23055,3
ECOC23056,3
ECOC23057,3
ECOC23058,3
ECOC23059,3
ECOC23060,3
ECOC23061,3
ECOC23062,3
ECOC23063,3
ECOC23064,3
ECOC23065,3
ECOC23066,3
ECOC23067,3
ECOC23068,3
ECOC23069,3
ECOC23070,3
ECOC23071,3
ECOC23072,3
ECOC23073,3
ECOC23074,3
ECOC23075,3
ECOC23076,3
ECOC23077,3
ECOC23078,3
ECOC23079,3
ECOC23080,3
ECOC23081,3
ECOC23082,3
ECOC23083,3
ECOC23084,3
ECOC23085,3
ECOC23086,3
ECOC23087,3
ECOC23088,3
ECOC23089,3
ECOC23090,3
ECOC23091,3
ECOC23092,3
ECOC23093,3
ECOC23094,3
ECOC23095,3
ECOC23096,3
ECOC23097,3
ECOC23098,3
ECOC23099,3
ECOC23100,3
ECOC23101,3
ECOC23102,3
ECOC23103,3
ECOC23104,3
ECOC23105,3
ECOC23106,3
ECOC23107,3
ECOC23108,3
ECOC23109,3
ECOC23110,3
ECOC23111,3
ECOC23112,3
ECOC23113,3
ECOC23114,3
ECOC23115,3
ECOC23116,3
ECOC23117,3
ECOC23118,3
ECOC23119,3
ECOC23120,3
ECOC23121,3
ECOC23122,3
ECOC23123,3
ECOC23124,3
ECOC23125,3
ECOC23126,3
ECOC23127,3
ECOC23128,3
ECOC23129,3
ECOC23130,3
ECOC23131,3
ECOC23132,3
ECOC23133,3
ECOC23134,3
ECOC23135,3
ECOC23136,3
ECOC23137,3
ECOC23138,3
ECOC23139,3
ECOC23140,3
ECOC23141,3
ECOC23142,3
ECOC23143,3
ECOC23144,3
ECOC23145,3
ECOC23146,3
ECOC23147,3
ECOC23148,3
ECOC23149,3
ECOC23150,3
ECOC23151,3
ECOC23152,3
ECOC23153,3
ECOC23154,3
ECOC23155,3
ECOC23156,3
ECOC23157,3
ECOC23158,3
ECOC23159,3
ECOC23160,3
ECOC23161,3
ECOC23162,3
ECOC23163,3
ECOC23164,3
ECOC23165,3
ECOC23166,3
ECOC23167,3
ECOC23168,3
ECOC23169,3
ECOC23170,3
ECOC23171,3
ECOC23172,3
ECOC23173,3
ECOC23174,3
ECOC23175,3
ECOC23176,3
ECOC23177,3
ECOC23178,3
ECOC23179,3
ECOC23180,3
ECOC23181,3
ECOC23182,3
ECOC23183,3
ECOC23184,3
ECOC23185,3
ECOC23186,3
ECOC23187,3
ECOC23188,3
ECOC23189,3
ECOC23190,3
ECOC23191,3
ECOC23192,3
ECOC23193,3
ECOC23194,3
ECOC23195,3
ECOC23196,3
ECOC23197,3
ECOC23198,3
ECOC23199,3
ECOC23200,3
ECOC23201,3
ECOC23202,3
ECOC23203,3
ECOC23204,3
ECOC23205,3
ECOC23206,3
ECOC23207,3
ECOC23208,3
ECOC23209,3
ECOC23210,3
ECOC23211,3
ECOC23212,3
ECOC23213,3
ECOC23214,3
ECOC23215,3
ECOC23216,3
ECOC23217,3
ECOC23218,3
ECOC23219,3
ECOC23220,3
ECOC23221,3
ECOC23222,3
ECOC23223,3
ECOC23224,3
ECOC23225,3
ECOC23226,3
ECOC23227,3
ECOC23228,3
ECOC23229,3
ECOC23230,3
ECOC23231,3
ECOC23232,3
ECOC23233,3
ECOC23234,3
ECOC23235,3
ECOC23236,3
ECOC23237,3
ECOC23238,3
ECOC23239,3
ECOC23240,3
ECOC23241,3
ECOC23242,3
ECOC23243,3
ECOC23244,3
ECOC23245,3
ECOC23246,3
ECOC23247,3
ECOC23248,3
ECOC23249,3
ECOC23250,3
ECOC23251,3
ECOC23252,3
ECOC23253,3
ECOC23254,3
ECOC23255,3
ECOC23256,3
ECOC23257,3
ECOC23258,3
ECOC23259,3
ECOC23260,3
ECOC23261,3
ECOC23262,3
ECOC23263,3
ECOC23264,3
ECOC23265,3
ECOC23266,3
ECOC23267,3
ECOC23268,3
ECOC23269,3
ECOC23270,3
ECOC23271,3
ECOC23272,3
ECOC23273,3
ECOC23274,3
ECOC23275,3
ECOC23276,3
ECOC23277,3
ECOC23278,3
ECOC23279,3
ECOC23280,3
ECOC23281,3
ECOC23282,3
ECOC23283,3
ECOC23284,3
ECOC23285,3
ECOC23286,3
ECOC23287,3
ECOC23288,3
ECOC23289,3
ECOC23290,3
ECOC23291,3
ECOC23292,3
ECOC23293,3
ECOC23294,3
ECOC23295,3
ECOC23296,3
ECOC23297,3
ECOC23298,3
ECOC23299,3
ECOC23300,3
ECOC23301,3
ECOC23302,3
ECOC23303,3
ECOC23304,3
ECOC23305,3
ECOC23306,3
ECOC23307,3
ECOC23308,3
ECOC23309,3
ECOC23310,3
ECOC23311,3
ECOC23312,3
ECOC23313,3
ECOC23314,3
ECOC23315,3
ECOC23316,3
ECOC23317,3
ECOC23318,3
ECOC23319,3
ECOC23320,3
ECOC23321,3
ECOC23322,3
ECOC23323,3
ECOC23324,3
ECOC23325,3
ECOC23326,3
ECOC23327,3
ECOC23328,3
ECOC23329,3
ECOC23330,3
ECOC23331,3
ECOC23332,3
ECOC23333,3
ECOC23334,3
ECOC23335,3
ECOC23336,3
ECOC23337,3
ECOC23338,3
ECOC23339,3
ECOC23340,3
ECOC23341,3
ECOC23342,3
ECOC23343,3
ECOC23344,3
ECOC23345,3
ECOC23346,3
ECOC23347,3
ECOC23348,3
ECOC23349,3
ECOC23350,3
ECOC23351,3
ECOC23352,3
ECOC23353,3
ECOC23354,3
ECOC23355,3
ECOC23356,3
ECOC23357,3
ECOC23358,3
ECOC23359,3
ECOC23360,3
ECOC23361,3
ECOC23362,3
ECOC23363,3
ECOC23364,3
ECOC23365,3
ECOC23366,3
ECOC23367,3
ECOC23368,3
ECOC23369,3
ECOC23370,3
ECOC23371,3
ECOC23372,3
ECOC23373,3
ECOC23374,3
ECOC23375,3
ECOC23376,3
ECOC23377,3
ECOC23378,3
ECOC23379,3
ECOC23380,3
ECOC23381,3
ECOC23382,3
ECOC23383,3
ECOC23384,3
ECOC23385,3
ECOC23386,3
ECOC23387,3
ECOC23388,3
ECOC23389,3
ECOC23390,3
ECOC23391,3
ECOC23392,3
ECOC23393,3
ECOC23394,3
ECOC23395,3
ECOC23396,3
ECOC23397,3
ECOC23398,3
ECOC23399,3
ECOC23400,3
ECOC23401,3
ECOC23402,3
ECOC23403,3
ECOC23404,3
ECOC23405,3
ECOC23406,3
ECOC23407,3
ECOC23408,3
ECOC23409,3
ECOC23410,3
ECOC23411,3
ECOC23412,3
ECOC23413,3
ECOC23414,3
ECOC23415,3
ECOC23416,3
ECOC23417,3
ECOC23418,3
ECOC23419,3
ECOC23420,5
ECOC23421,5
ECOC23422,3
ECOC23423,6
ECOC23424,1
ECOC23426,1
ECOC23428,3
ECOC23430,3
ECOC23431,6
ECOC23432,3
ECOC23433,3
ECOC23434,3
ECOC23435,3
ECOC23436,3
ECOC23437,3
ECOC23438,3
ECOC23439,3
ECOC23440,6
ECOC23441,3
ECOC23442,3
ECOC23443,3
ECOC23445,3
ECOC23446,3
ECOC23447,3
ECOC23448,3
ECOC23449,3
ECOC23450,3
ECOC23451,3
ECOC23452,3
ECOC23453,3
ECOC23454,3
ECOC23455,3
ECOC23456,3
ECOC23457,3
ECOC23458,3
ECOC23459,3
ECOC23460,3
ECOC23461,3
ECOC23462,3
ECOC23463,3
ECOC23464,3
ECOC23465,3
ECOC23466,3
ECOC23467,3
ECOC23468,3
ECOC23469,3
ECOC23470,3
ECOC23471,3
ECOC23472,3
ECOC23473,3
ECOC23474,3
ECOC23475,3
ECOC23476,3
ECOC23477,3
ECOC23478,3
ECOC23479,3
ECOC23480,3
ECOC23481,3
ECOC23482,3
ECOC23483,3
ECOC23484,3
ECOC23485,3
ECOC23486,3
ECOC23487,3
ECOC23488,3
ECOC23489,3
ECOC23490,3
ECOC23491,3
ECOC23492,3
ECOC23493,3
ECOC23494,3
ECOC23495,3
ECOC23496,3
ECOC23497,3
ECOC23498,3
ECOC23499,3
ECOC23500,3
ECOC23501,3
ECOC23502,3
ECOC23503,3
ECOC23504,3
ECOC23505,3
ECOC23506,3
ECOC23507,3
ECOC23508,3
ECOC23509,3
ECOC23510,3
ECOC23511,3
ECOC23512,3
ECOC23513,6
ECOC23514,3
ECOC23515,3
ECOC23516,3
ECOC23517,3
ECOC23518,6
ECOC23519,3
ECOC23520,3
ECOC23521,6
ECOC23522,3
ECOC23523,6
ECOC23525,3
ECOC23526,6
ECOC23527,6
ECOC23528,6
ECOC23529,6
ECOC23530,3
ECOC23531,3
ECOC23532,3
ECOC23533,3
ECOC23534,3
ECOC23535,3
ECOC23536,3
ECOC23537,3
ECOC23538,6
ECOC23539,6
ECOC23540,6
ECOC23541,3
ECOC23542,1
ECOC23543,3
ECOC23544,3
ECOC23545,3
ECOC23546,3
ECOC23547,3
ECOC23548,3
ECOC23549,3
ECOC23550,3
ECOC23551,3
ECOC23552,3
ECOC23553,1
ECOC23554,6
ECOC23555,3
ECOC23556,0
ECOC23557,3
ECOC23558,3
ECOC23559,3
ECOC23560,3
ECOC23561,3
ECOC23562,3
ECOC23563,3
ECOC23564,3
ECOC23565,3
ECOC23566,3
ECOC23567,5
ECOC23568,3
ECOC23569,3
ECOC23570,3
ECOC23571,3
ECOC23572,3
ECOC23573,3
ECOC23574,3
ECOC23575,3
ECOC23576,3
ECOC23577,3
ECOC23578,3
ECOC23579,3
ECOC23580,3
ECOC23581,3
ECOC23582,3
ECOC23583,3
ECOC23584,3
ECOC23585,3
ECOC23586,3
ECOC23587,3
ECOC23588,1
ECOC23589,3
ECOC23590,3
ECOC23591,1
ECOC23592,3
ECOC23593,3
ECOC23594,6
ECOC23595,3
ECOC23596,3
ECOC23597,3
ECOC23598,3
ECOC23599,3
ECOC23600,6
ECOC23601,0
ECOC23602,3
ECOC23603,3
ECOC23604,3
ECOC23605,3
ECOC23606,3
ECOC23607,3
ECOC23608,3
ECOC23609,6
ECOC23610,3
ECOC23611,3
ECOC23613,3
ECOC23614,3
ECOC23615,3
ECOC23616,3
ECOC23617,3
ECOC23618,3
ECOC23619,3
ECOC23620,3
ECOC23621,6
ECOC23622,3
ECOC23623,3
ECOC23624,3
ECOC23625,3
ECOC23627,5
ECOC23628,3
ECOC23629,3
ECOC23630,5
ECOC23631,3
ECOC23635,3
ECOC23636,3
ECOC23637,3
ECOC23638,3
ECOC23639,3
ECOC23640,3
ECOC23641,3
ECOC23642,3
ECOC23643,3
ECOC23644,3
ECOC23645,3
ECOC23646,3
ECOC23647,3
ECOC23648,3
ECOC23649,3
ECOC23650,3
ECOC23651,3
ECOC23652,3
ECOC23653,3
ECOC23654,3
ECOC23655,3
ECOC23656,3
ECOC23657,3
ECOC23658,3
ECOC23659,3
ECOC23660,3
ECOC23661,3
ECOC23662,3
ECOC23663,3
ECOC23664,3
ECOC23665,3
ECOC23666,3
ECOC23667,3
ECOC23668,3
ECOC23669,3
ECOC23670,3
ECOC23671,3
ECOC23672,3
ECOC23673,3
ECOC23674,3
ECOC23675,3
ECOC23676,3
ECOC23677,3
ECOC23678,3
ECOC23679,3
ECOC23680,3
ECOC23681,3
ECOC23682,3
ECOC23683,3
ECOC23684,3
ECOC23685,3
ECOC23686,3
ECOC23687,3
ECOC23688,3
ECOC23689,3
ECOC23690,3
ECOC23691,3
ECOC23692,3
ECOC23693,3
ECOC23694,3
ECOC23695,3
ECOC23696,3
ECOC23697,3
ECOC23698,3
ECOC23699,3
ECOC23700,3
ECOC23701,3
ECOC23702,3
ECOC23703,3
ECOC23704,3
ECOC23705,3
ECOC23706,3
ECOC23707,3
ECOC23708,3
ECOC23709,3
ECOC23710,3
ECOC23711,3
ECOC23712,3
ECOC23713,3
ECOC23714,3
ECOC23715,3
ECOC23716,3
ECOC23717,3
ECOC23718,3
ECOC23719,3
ECOC23720,3
ECOC23721,3
ECOC23722,3
ECOC23723,3
ECOC23724,3
ECOC23725,3
ECOC23726,3
ECOC23727,3
ECOC23728,3
ECOC23729,3
ECOC23730,3
ECOC23731,3
ECOC23732,3
ECOC23733,3
ECOC23734,3
ECOC23735,3
ECOC23736,3
ECOC23737,3
ECOC23738,3
ECOC23739,3
ECOC23740,3
ECOC23741,3
ECOC23742,3
ECOC23743,3
ECOC23744,3
ECOC23745,3
ECOC23746,3
ECOC23747,3
ECOC23748,3
ECOC23749,3
ECOC23750,3
ECOC23751,3
ECOC23752,3
ECOC23753,3
ECOC23754,3
ECOC23755,3
ECOC23756,3
ECOC23757,3
ECOC23758,3
ECOC23759,3
ECOC23760,3
ECOC23761,3
ECOC23762,3
ECOC23763,3
ECOC23764,3
ECOC23765,3
ECOC23766,3
ECOC23767,3
ECOC23768,3
ECOC23769,3
ECOC23770,3
ECOC23771,3
ECOC23772,3
ECOC23773,3
ECOC23774,3
ECOC23775,3
ECOC23776,3
ECOC23777,6
ECOC23778,3
ECOC23779,3
ECOC23780,3
ECOC23781,3
ECOC23782,3
ECOC23783,3
ECOC23784,3
ECOC23785,3
ECOC23786,3
ECOC23787,3
ECOC23788,3
ECOC23789,3
ECOC23790,3
ECOC23791,3
ECOC23792,3
ECOC23793,3
ECOC23794,3
ECOC23795,3
ECOC23796,3
ECOC23797,3
ECOC23798,3
ECOC23799,3
ECOC23800,3
ECOC23801,3
ECOC23802,3
ECOC23803,3
ECOC23804,3
ECOC23805,3
ECOC23806,3
ECOC23807,3
ECOC23808,3
ECOC23809,3
ECOC23810,3
ECOC23811,3
ECOC23812,3
ECOC23813,3
ECOC23814,3
ECOC23815,3
ECOC23816,3
ECOC23817,3
ECOC23818,3
ECOC23819,3
ECOC23820,3
ECOC23821,3
ECOC23822,3
ECOC23823,3
ECOC23824,3
ECOC23825,3
ECOC23826,3
ECOC23827,3
ECOC23828,3
ECOC23829,3
ECOC23830,3
ECOC23831,3
ECOC23832,3
ECOC23833,3
ECOC23834,3
ECOC23835,3
ECOC23836,3
ECOC23837,3
ECOC23838,3
ECOC23839,3
ECOC23840,3
ECOC23841,3
ECOC23842,3
ECOC23843,3
ECOC23844,3
ECOC23845,3
ECOC23846,3
ECOC23847,3
ECOC23848,3
ECOC23849,3
ECOC23850,3
ECOC23851,3
ECOC23852,3
ECOC23853,3
ECOC23854,3
ECOC23855,3
ECOC23856,3
ECOC23857,3
ECOC23858,3
ECOC23859,3
ECOC23860,3
ECOC23861,6
ECOC23862,3
ECOC23863,3
ECOC23864,3
ECOC23865,3
ECOC23866,3
ECOC23867,3
ECOC23868,3
ECOC23869,3
ECOC23870,3
ECOC23871,3
ECOC23872,6
ECOC23873,3
ECOC23874,3
ECOC23875,3
ECOC23876,3
ECOC23877,3
ECOC23878,3
ECOC23879,3
ECOC23880,3
ECOC23881,3
ECOC23882,3
ECOC23883,3
ECOC23884,3
ECOC23885,3
ECOC23886,3
ECOC23887,3
ECOC23888,3
ECOC23889,3
ECOC23890,3
ECOC23891,3
ECOC23892,3
ECOC23893,3
ECOC23894,3
ECOC23895,3
ECOC23896,3
ECOC23897,3
ECOC23898,3
ECOC23899,3
ECOC23900,3
ECOC23901,3
ECOC23902,3
ECOC23903,3
ECOC23904,3
ECOC23905,3
ECOC23906,6
ECOC23907,3
ECOC23908,3
ECOC23909,3
ECOC23910,3
ECOC23911,6
ECOC23912,3
ECOC23913,3
ECOC23914,3
ECOC23915,3
ECOC23916,3
ECOC23917,6
ECOC23918,3
ECOC23919,3
ECOC23920,3
ECOC23921,3
ECOC23922,3
ECOC23923,3
ECOC23924,3
ECOC23925,3
ECOC23926,3
ECOC23927,3
ECOC23928,3
ECOC23929,3
ECOC23930,6
ECOC23931,3
ECOC23932,3
ECOC23933,3
ECOC23934,3
ECOC23935,3
ECOC23936,3
ECOC23937,3
ECOC23938,3
ECOC23939,3
ECOC23940,3
ECOC23941,3
ECOC23942,3
ECOC23943,6
ECOC23944,3
ECOC23945,3
ECOC23946,6
ECOC23947,3
ECOC23948,3
ECOC23949,3
ECOC23950,3
ECOC23951,3
ECOC23952,3
ECOC23953,3
ECOC23954,3
ECOC23955,3
ECOC23956,3
ECOC23957,3
ECOC23958,3
ECOC23959,3
ECOC23960,3
ECOC23961,3
ECOC23962,3
ECOC23963,3
ECOC23964,3
ECOC23965,3
ECOC23966,3
ECOC23967,3
ECOC23968,3
ECOC23969,3
ECOC23970,3
ECOC23971,3
ECOC23972,3
ECOC23973,3
ECOC23974,3
ECOC23975,3
ECOC23976,3
ECOC23977,3
ECOC23978,3
ECOC23979,3
ECOC23980,3
ECOC23981,3
ECOC23982,3
ECOC23983,3
ECOC23984,3
ECOC23985,3
ECOC23986,6
ECOC23987,3
ECOC23988,3
ECOC23989,3
ECOC23990,3
ECOC23991,2
ECOC23992,2
ECOC23993,3
ECOC23994,3
ECOC23995,2
ECOC23996,3
ECOC23997,3
ECOC23998,3
ECOC23999,3
ECOC24,3
ECOC24000,3
ECOC24001,3
ECOC24002,2
ECOC24003,3
ECOC24004,3
ECOC24005,2
ECOC24006,3
ECOC24007,1
ECOC24008,3
ECOC24009,6
ECOC24010,3
ECOC24011,5
ECOC24012,3
ECOC24013,3
ECOC24014,5
ECOC24016,6
ECOC24017,3
ECOC24018,1
ECOC24019,3
ECOC24021,3
ECOC24022,3
ECOC24023,6
ECOC24024,2
ECOC24025,3
ECOC24026,3
ECOC24027,3
ECOC24028,3
ECOC24029,2
ECOC24030,6
ECOC24031,3
ECOC24032,3
ECOC24033,6
ECOC24034,3
ECOC24035,3
ECOC24036,3
ECOC24037,3
ECOC24038,3
ECOC24039,3
ECOC24040,3
ECOC24041,3
ECOC24042,3
ECOC24043,3
ECOC24044,3
ECOC24045,3
ECOC24046,3
ECOC24047,3
ECOC24048,3
ECOC24049,3
ECOC24050,3
ECOC24051,3
ECOC24052,3
ECOC24053,3
ECOC24054,3
ECOC24055,3
ECOC24056,3
ECOC24057,3
ECOC24058,3
ECOC24059,3
ECOC24060,3
ECOC24061,3
ECOC24062,3
ECOC24063,2
ECOC24064,3
ECOC24065,3
ECOC24066,3
ECOC24067,3
ECOC24068,3
ECOC24069,3
ECOC24070,2
ECOC24071,3
ECOC24072,3
ECOC24073,3
ECOC24074,3
ECOC24075,3
ECOC24076,3
ECOC24077,3
ECOC24078,3
ECOC24079,3
ECOC24080,3
ECOC24081,3
ECOC24082,3
ECOC24083,3
ECOC24084,3
ECOC24085,3
ECOC24086,3
ECOC24087,3
ECOC24088,3
ECOC24089,3
ECOC24090,3
ECOC24091,3
ECOC24092,6
ECOC24093,3
ECOC24094,3
ECOC24095,3
ECOC24096,3
ECOC24097,6
ECOC24098,3
ECOC24099,3
ECOC24100,3
ECOC24102,3
ECOC24103,3
ECOC24104,3
ECOC24105,3
ECOC24106,3
ECOC24107,3
ECOC24108,6
ECOC24109,3
ECOC24110,3
ECOC24111,3
ECOC24112,6
ECOC24113,3
ECOC24114,3
ECOC24115,3
ECOC24116,5
ECOC24117,3
ECOC24118,3
ECOC24119,3
ECOC24120,3
ECOC24121,5
ECOC24122,3
ECOC24123,3
ECOC24124,3
ECOC24125,6
ECOC24126,3
ECOC24127,3
ECOC24128,3
ECOC24129,3
ECOC24130,3
ECOC24131,3
ECOC24132,3
ECOC24133,3
ECOC24134,3
ECOC24135,3
ECOC24136,3
ECOC24137,3
ECOC24138,3
ECOC24139,3
ECOC24140,2
ECOC24141,3
ECOC24142,3
ECOC24143,3
ECOC24144,3
ECOC24145,3
ECOC24146,3
ECOC24147,3
ECOC24148,3
ECOC24149,3
ECOC24150,3
ECOC24151,3
ECOC24152,3
ECOC24153,2
ECOC24154,3
ECOC24155,3
ECOC24156,3
ECOC24157,3
ECOC24158,3
ECOC24159,3
ECOC24160,3
ECOC24161,3
ECOC24162,3
ECOC24163,3
ECOC24164,3
ECOC24165,3
ECOC24166,3
ECOC24167,3
ECOC24168,3
ECOC24169,3
ECOC24170,3
ECOC24171,3
ECOC24172,3
ECOC24173,3
ECOC24174,3
ECOC24175,3
ECOC24176,3
ECOC24177,3
ECOC24178,3
ECOC24179,3
ECOC24180,3
ECOC24181,3
ECOC24182,3
ECOC24183,3
ECOC24184,3
ECOC24185,3
ECOC24186,3
ECOC24187,3
ECOC24188,3
ECOC24189,3
ECOC24190,3
ECOC24191,3
ECOC24192,3
ECOC24193,3
ECOC24194,6
ECOC24195,3
ECOC24196,3
ECOC24197,6
ECOC24198,6
ECOC24199,3
ECOC24200,3
ECOC24201,3
ECOC24202,3
ECOC24203,6
ECOC24204,6
ECOC24205,3
ECOC24206,3
ECOC24207,6
ECOC24211,1
ECOC24212,4
ECOC24213,2
ECOC24215,0
ECOC24217,1
ECOC24218,6
ECOC24219,3
ECOC24220,3
ECOC24221,3
ECOC24223,3
ECOC24225,5
ECOC24227,3
ECOC24229,3
ECOC24231,3
ECOC24232,3
ECOC24233,5
ECOC24235,3
ECOC24236,6
ECOC24237,3
ECOC24239,3
ECOC24241,5
ECOC24243,3
ECOC24244,3
ECOC24245,3
ECOC24247,3
ECOC24248,3
ECOC24249,1
ECOC24250,2
ECOC24251,3
ECOC24252,3
ECOC24253,3
ECOC24254,6
ECOC24255,3
ECOC24257,3
ECOC24258,6
ECOC24259,3
ECOC24260,3
ECOC24261,3
ECOC24262,3
ECOC24263,3
ECOC24264,3
ECOC24265,1
ECOC24266,2
ECOC24267,3
ECOC24268,3
ECOC24269,3
ECOC24270,6
ECOC24271,3
ECOC24273,3
ECOC24274,6
ECOC24275,3
ECOC24277,3
ECOC24279,3
ECOC24281,5
ECOC24282,3
ECOC24283,3
ECOC24284,3
ECOC24285,3
ECOC24286,3
ECOC24287,3
ECOC24288,3
ECOC24289,3
ECOC24290,5
ECOC24291,3
ECOC24292,5
ECOC24293,3
ECOC24294,3
ECOC24295,3
ECOC24296,3
ECOC24297,3
ECOC24298,3
ECOC24299,3
ECOC24300,3
ECOC24301,3
ECOC24302,3
ECOC24303,3
ECOC24304,3
ECOC24305,3
ECOC24306,3
ECOC24307,3
ECOC24308,5
ECOC24309,3
ECOC24310,3
ECOC24311,3
ECOC24312,3
ECOC24313,3
ECOC24314,3
ECOC24315,3
ECOC24316,3
ECOC24317,3
ECOC24318,3
ECOC24319,3
ECOC24320,3
ECOC24321,3
ECOC24322,3
ECOC24323,3
ECOC24324,5
ECOC24325,3
ECOC24326,3
ECOC24327,3
ECOC24328,3
ECOC24329,3
ECOC24330,3
ECOC24331,3
ECOC24332,3
ECOC24333,3
ECOC24334,3
ECOC24335,3
ECOC24336,3
ECOC24337,3
ECOC24338,3
ECOC24339,3
ECOC24340,3
ECOC24341,3
ECOC24342,3
ECOC24343,3
ECOC24344,3
ECOC24345,3
ECOC24346,3
ECOC24347,3
ECOC24348,3
ECOC24349,3
ECOC24350,3
ECOC24351,3
ECOC24352,3
ECOC24353,3
ECOC24354,3
ECOC24355,3
ECOC24356,3
ECOC24357,3
ECOC24358,3
ECOC24359,3
ECOC24360,3
ECOC24361,3
ECOC24362,3
ECOC24363,3
ECOC24364,3
ECOC24365,3
ECOC24366,3
ECOC24367,5
ECOC24368,3
ECOC24369,3
ECOC24370,3
ECOC24371,3
ECOC24372,3
ECOC24373,3
ECOC24374,3
ECOC24375,3
ECOC24376,3
ECOC24377,3
ECOC24378,3
ECOC24379,3
ECOC24380,3
ECOC24381,3
ECOC24382,3
ECOC24383,5
ECOC24384,3
ECOC24385,5
ECOC24386,3
ECOC24387,3
ECOC24388,3
ECOC24389,3
ECOC24390,3
ECOC24391,5
ECOC24392,3
ECOC24393,3
ECOC24394,3
ECOC24395,3
ECOC24396,3
ECOC24397,3
ECOC24398,3
ECOC24399,5
ECOC24400,3
ECOC24401,5
ECOC24402,3
ECOC24403,3
ECOC24404,3
ECOC24405,3
ECOC24406,3
ECOC24407,3
ECOC24408,3
ECOC24409,3
ECOC24410,5
ECOC24412,3
ECOC24414,3
ECOC24416,3
ECOC24417,6
ECOC24418,3
ECOC24420,3
ECOC24421,3
ECOC24422,3
ECOC24423,6
ECOC24424,3
ECOC24425,2
ECOC24426,1
ECOC24427,3
ECOC24428,3
ECOC24430,3
ECOC24432,3
ECOC24434,3
ECOC24435,3
ECOC24436,3
ECOC24437,6
ECOC24438,3
ECOC24439,3
ECOC24440,3
ECOC24441,2
ECOC24442,1
ECOC24443,5
ECOC24444,3
ECOC24445,3
ECOC24446,3
ECOC24447,3
ECOC24448,3
ECOC24450,3
ECOC24451,3
ECOC24452,3
ECOC24453,3
ECOC24454,3
ECOC24456,3
ECOC24458,1
ECOC24459,3
ECOC24460,3
ECOC24461,3
ECOC24462,3
ECOC24464,3
ECOC24465,3
ECOC24466,3
ECOC24468,3
ECOC24470,3
ECOC24471,6
ECOC24472,3
ECOC24474,3
ECOC24475,3
ECOC24476,3
ECOC24477,3
ECOC24478,3
ECOC24479,3
ECOC24480,6
ECOC24481,3
ECOC24482,3
ECOC24483,3
ECOC24484,3
ECOC24485,3
ECOC24486,3
ECOC24487,3
ECOC24489,3
ECOC24490,3
ECOC24491,3
ECOC24492,3
ECOC24493,3
ECOC24494,3
ECOC24495,3
ECOC24496,3
ECOC24497,3
ECOC24498,3
ECOC24499,5
ECOC24500,3
ECOC24501,3
ECOC24502,3
ECOC24503,3
ECOC24504,3
ECOC24505,3
ECOC24506,3
ECOC24507,3
ECOC24508,5
ECOC24509,3
ECOC24510,3
ECOC24511,3
ECOC24512,3
ECOC24513,3
ECOC24514,3
ECOC24515,3
ECOC24516,3
ECOC24517,3
ECOC24518,3
ECOC24519,3
ECOC24520,3
ECOC24521,3
ECOC24522,3
ECOC24523,3
ECOC24524,3
ECOC24525,3
ECOC24526,3
ECOC24527,3
ECOC24528,3
ECOC24529,3
ECOC24530,3
ECOC24531,3
ECOC24532,3
ECOC24533,3
ECOC24534,6
ECOC24535,6
ECOC24536,1
ECOC24537,2
ECOC24538,3
ECOC24539,3
ECOC24540,6
ECOC24541,6
ECOC24542,3
ECOC24543,6
ECOC24544,3
ECOC24545,3
ECOC24546,2
ECOC24547,1
ECOC24548,6
ECOC24549,6
ECOC24550,3
ECOC24551,2
ECOC24552,6
ECOC24553,6
ECOC24554,3
ECOC24555,2
ECOC24556,2
ECOC24557,6
ECOC24558,3
ECOC24559,2
ECOC24560,6
ECOC24561,6
ECOC24562,3
ECOC24563,2
ECOC24564,2
ECOC24565,3
ECOC24566,6
ECOC24567,6
ECOC24568,2
ECOC24569,3
ECOC24570,6
ECOC24571,2
ECOC24572,2
ECOC24573,3
ECOC24574,6
ECOC24575,6
ECOC24576,2
ECOC24577,3
ECOC24578,3
ECOC24579,3
ECOC24580,5
ECOC24581,6
ECOC24583,3
ECOC24584,3
ECOC24585,6
ECOC24586,1
ECOC24587,3
ECOC24588,1
ECOC24589,2
ECOC24590,1
ECOC24591,6
ECOC24592,1
ECOC24593,2
ECOC24594,2
ECOC24595,3
ECOC24596,6
ECOC24597,6
ECOC24598,2
ECOC24599,3
ECOC24600,3
ECOC24601,6
ECOC24602,3
ECOC24603,3
ECOC24604,5
ECOC24605,6
ECOC24606,3
ECOC24607,3
ECOC24608,1
ECOC24609,6
ECOC24610,6
ECOC24611,1
ECOC24612,3
ECOC24613,3
ECOC24614,6
ECOC24615,5
ECOC24616,3
ECOC24617,3
ECOC24618,6
ECOC24619,3
ECOC24620,3
ECOC24621,2
ECOC24622,6
ECOC24623,3
ECOC24624,3
ECOC24625,2
ECOC24626,2
ECOC24627,1
ECOC24628,6
ECOC24629,1
ECOC24630,2
ECOC24631,1
ECOC24632,6
ECOC24633,1
ECOC24634,6
ECOC24635,3
ECOC24636,3
ECOC24638,6
ECOC24639,5
ECOC24640,3
ECOC24641,3
ECOC24642,3
ECOC24643,3
ECOC24644,4
ECOC24645,3
ECOC24646,3
ECOC24647,3
ECOC24648,3
ECOC24649,3
ECOC24650,3
ECOC24651,3
ECOC24652,3
ECOC24653,3
ECOC24654,3
ECOC24655,3
ECOC24656,3
ECOC24657,3
ECOC24658,3
ECOC24659,3
ECOC24660,3
ECOC24661,3
ECOC24662,3
ECOC24663,3
ECOC24664,3
ECOC24665,3
ECOC24666,3
ECOC24667,3
ECOC24668,3
ECOC24669,3
ECOC24670,3
ECOC24671,3
ECOC24672,3
ECOC24673,3
ECOC24674,3
ECOC24675,3
ECOC24676,3
ECOC24677,3
ECOC24678,3
ECOC24679,3
ECOC24680,3
ECOC24681,3
ECOC24682,3
ECOC24683,3
ECOC24684,3
ECOC24685,3
ECOC24686,3
ECOC24687,3
ECOC24688,3
ECOC24689,3
ECOC24690,3
ECOC24691,3
ECOC24692,3
ECOC24693,3
ECOC24694,3
ECOC24695,3
ECOC24696,3
ECOC24697,3
ECOC24698,3
ECOC24699,4
ECOC24700,3
ECOC24701,3
ECOC24702,3
ECOC24703,3
ECOC24704,3
ECOC24705,3
ECOC24706,4
ECOC24707,3
ECOC24708,3
ECOC24709,3
ECOC24710,3
ECOC24711,3
ECOC24712,3
ECOC24713,3
ECOC24714,3
ECOC24715,3
ECOC24716,3
ECOC24717,3
ECOC24718,3
ECOC24719,3
ECOC24720,3
ECOC24721,3
ECOC24722,3
ECOC24723,3
ECOC24724,3
ECOC24725,3
ECOC24726,3
ECOC24727,3
ECOC24728,3
ECOC24729,3
ECOC24730,3
ECOC24731,3
ECOC24732,3
ECOC24733,3
ECOC24734,3
ECOC24735,3
ECOC24736,3
ECOC24737,3
ECOC24738,3
ECOC24739,3
ECOC24740,3
ECOC24741,3
ECOC24742,3
ECOC24743,3
ECOC24744,3
ECOC24745,3
ECOC24746,3
ECOC24747,3
ECOC24748,3
ECOC24749,3
ECOC24750,3
ECOC24751,3
ECOC24752,3
ECOC24753,3
ECOC24754,3
ECOC24755,3
ECOC24756,3
ECOC24757,3
ECOC24758,3
ECOC24759,3
ECOC24760,3
ECOC24761,4
ECOC24762,3
ECOC24763,3
ECOC24764,3
ECOC24765,3
ECOC24766,1
ECOC24767,3
ECOC24769,3
ECOC24770,5
ECOC24771,3
ECOC24772,3
ECOC24773,3
ECOC24774,3
ECOC24775,3
ECOC24776,3
ECOC24777,3
ECOC24778,3
ECOC24779,3
ECOC24780,3
ECOC24781,3
ECOC24782,3
ECOC24783,3
ECOC24784,3
ECOC24785,3
ECOC24786,3
ECOC24787,3
ECOC24788,3
ECOC24789,3
ECOC24790,3
ECOC24791,3
ECOC24792,3
ECOC24793,3
ECOC24794,3
ECOC24795,3
ECOC24796,3
ECOC24797,3
ECOC24798,3
ECOC24799,3
ECOC24800,3
ECOC24801,3
ECOC24802,3
ECOC24803,3
ECOC24804,3
ECOC24805,3
ECOC24806,3
ECOC24807,3
ECOC24808,3
ECOC24809,3
ECOC24810,3
ECOC24811,3
ECOC24812,3
ECOC24813,3
ECOC24814,3
ECOC24815,3
ECOC24816,3
ECOC24817,3
ECOC24818,3
ECOC24819,3
ECOC24820,3
ECOC24821,5
ECOC24822,3
ECOC24824,3
ECOC24825,5
ECOC24826,3
ECOC24827,3
ECOC24828,3
ECOC24829,3
ECOC24830,4
ECOC24831,3
ECOC24832,3
ECOC24833,3
ECOC24834,3
ECOC24835,3
ECOC24836,3
ECOC24837,2
ECOC24838,3
ECOC24839,3
ECOC24840,3
ECOC24841,2
ECOC24842,3
ECOC24843,3
ECOC24844,3
ECOC24845,3
ECOC24846,3
ECOC24847,3
ECOC24848,3
ECOC24849,3
ECOC24850,3
ECOC24851,3
ECOC24852,3
ECOC24853,3
ECOC24854,3
ECOC24855,3
ECOC24856,3
ECOC24857,3
ECOC24858,3
ECOC24859,3
ECOC24860,3
ECOC24861,3
ECOC24862,3
ECOC24863,3
ECOC24864,3
ECOC24865,3
ECOC24866,3
ECOC24867,3
ECOC24868,3
ECOC24869,3
ECOC24870,3
ECOC24871,3
ECOC24872,3
ECOC24873,3
ECOC24874,2
ECOC24875,3
ECOC24876,3
ECOC24877,3
ECOC24878,2
ECOC24879,3
ECOC24880,3
ECOC24881,3
ECOC24882,3
ECOC24883,3
ECOC24884,3
ECOC24885,4
ECOC24886,3
ECOC24887,3
ECOC24888,3
ECOC24889,5
ECOC24890,3
ECOC24891,3
ECOC24892,4
ECOC24893,5
ECOC24894,3
ECOC24895,3
ECOC24896,3
ECOC24897,3
ECOC24898,3
ECOC24899,3
ECOC24900,3
ECOC24901,3
ECOC24902,3
ECOC24903,3
ECOC24904,3
ECOC24905,3
ECOC24906,3
ECOC24907,3
ECOC24908,3
ECOC24909,3
ECOC24910,3
ECOC24911,3
ECOC24912,3
ECOC24913,3
ECOC24914,3
ECOC24915,3
ECOC24916,3
ECOC24917,3
ECOC24918,3
ECOC24919,3
ECOC24920,3
ECOC24921,3
ECOC24922,3
ECOC24923,3
ECOC24924,6
ECOC24925,3
ECOC24926,3
ECOC24927,3
ECOC24928,3
ECOC24929,3
ECOC24930,3
ECOC24931,3
ECOC24932,3
ECOC24933,3
ECOC24934,3
ECOC24935,3
ECOC24936,3
ECOC24937,3
ECOC24938,3
ECOC24939,3
ECOC24940,6
ECOC24941,3
ECOC24942,3
ECOC24943,3
ECOC24944,3
ECOC24945,3
ECOC24946,5
ECOC24947,4
ECOC24948,3
ECOC24949,5
ECOC24950,5
ECOC24951,6
ECOC24952,3
ECOC24953,6
ECOC24954,3
ECOC24955,3
ECOC24956,3
ECOC24957,3
ECOC24958,6
ECOC24959,6
ECOC24960,3
ECOC24961,6
ECOC24962,3
ECOC24963,3
ECOC24964,3
ECOC24965,0
ECOC24966,6
ECOC24967,3
ECOC24968,3
ECOC24969,6
ECOC24970,6
ECOC24971,3
ECOC24972,6
ECOC24973,6
ECOC24974,3
ECOC24975,6
ECOC24976,3
ECOC24977,3
ECOC24978,3
ECOC24979,3
ECOC24980,6
ECOC24981,6
ECOC24982,6
ECOC24983,6
ECOC24984,3
ECOC24985,3
ECOC24986,3
ECOC24987,3
ECOC24988,3
ECOC24989,3
ECOC24990,6
ECOC24991,6
ECOC24992,3
ECOC24993,6
ECOC24994,6
ECOC24995,3
ECOC24996,3
ECOC24997,6
ECOC24998,2
ECOC24999,6
ECOC25,3
ECOC25000,5
ECOC25002,6
ECOC25003,3
ECOC25004,6
ECOC25005,6
ECOC25006,3
ECOC25007,3
ECOC25008,3
ECOC25009,3
ECOC25010,3
ECOC25011,3
ECOC25012,6
ECOC25013,3
ECOC25015,3
ECOC25016,3
ECOC25017,3
ECOC25018,3
ECOC25019,3
ECOC25020,2
ECOC25021,2
ECOC25022,6
ECOC25023,6
ECOC25024,6
ECOC25026,5
ECOC25027,6
ECOC25030,0
ECOC25033,1
ECOC25034,1
ECOC25035,1
ECOC25036,1
ECOC25037,3
ECOC25038,3
ECOC25039,0
ECOC25041,6
ECOC25042,6
ECOC25043,1
ECOC25045,6
ECOC25046,2
ECOC25047,6
ECOC25048,2
ECOC25049,2
ECOC25050,2
ECOC25051,2
ECOC25052,6
ECOC25053,6
ECOC25054,2
ECOC25055,1
ECOC25056,1
ECOC25057,6
ECOC25059,1
ECOC25060,1
ECOC25061,1
ECOC25062,1
ECOC25063,1
ECOC25064,1
ECOC25065,1
ECOC25066,1
ECOC25067,1
ECOC25068,1
ECOC25069,1
ECOC25070,1
ECOC25072,3
ECOC25073,1
ECOC25074,1
ECOC25075,6
ECOC25076,2
ECOC25077,6
ECOC25078,6
ECOC25079,2
ECOC25080,2
ECOC25081,2
ECOC25082,6
ECOC25083,6
ECOC25084,6
ECOC25085,1
ECOC25086,1
ECOC25087,6
ECOC25089,1
ECOC25090,1
ECOC25092,1
ECOC25093,1
ECOC25094,1
ECOC25095,1
ECOC25096,1
ECOC25097,1
ECOC25098,1
ECOC25099,1
ECOC25100,1
ECOC25101,3
ECOC25103,1
ECOC25104,5
ECOC25105,2
ECOC25106,6
ECOC25107,6
ECOC25108,6
ECOC25109,2
ECOC25110,2
ECOC25112,4
ECOC25114,3
ECOC25115,3
ECOC25116,3
ECOC25117,3
ECOC25118,3
ECOC25119,3
ECOC25120,3
ECOC25121,3
ECOC25122,6
ECOC25123,3
ECOC25124,3
ECOC25125,3
ECOC25126,3
ECOC25127,3
ECOC25128,3
ECOC25129,3
ECOC25130,3
ECOC25131,3
ECOC25132,3
ECOC25133,3
ECOC25134,3
ECOC25135,3
ECOC25136,3
ECOC25137,3
ECOC25138,2
ECOC25139,3
ECOC25140,6
ECOC25141,3
ECOC25142,3
ECOC25143,3
ECOC25144,3
ECOC25145,3
ECOC25146,3
ECOC25147,6
ECOC25148,3
ECOC25149,6
ECOC25150,3
ECOC25151,3
ECOC25152,3
ECOC25153,3
ECOC25154,3
ECOC25155,3
ECOC25156,3
ECOC25157,3
ECOC25158,3
ECOC25159,3
ECOC25160,6
ECOC25161,3
ECOC25162,3
ECOC25163,3
ECOC25164,3
ECOC25165,3
ECOC25166,3
ECOC25167,3
ECOC25168,3
ECOC25169,3
ECOC25170,3
ECOC25171,3
ECOC25172,3
ECOC25173,3
ECOC25174,6
ECOC25175,3
ECOC25176,3
ECOC25177,3
ECOC25178,3
ECOC25179,3
ECOC25180,3
ECOC25181,3
ECOC25182,3
ECOC25183,3
ECOC25184,3
ECOC25185,3
ECOC25186,3
ECOC25187,3
ECOC25188,3
ECOC25189,3
ECOC25190,3
ECOC25191,3
ECOC25192,3
ECOC25193,6
ECOC25194,3
ECOC25195,6
ECOC25196,3
ECOC25197,3
ECOC25198,3
ECOC25199,3
ECOC25200,3
ECOC25201,3
ECOC25202,3
ECOC25203,3
ECOC25204,6
ECOC25205,3
ECOC25206,6
ECOC25207,3
ECOC25208,3
ECOC25209,3
ECOC25210,3
ECOC25211,3
ECOC25212,3
ECOC25213,6
ECOC25214,3
ECOC25215,6
ECOC25216,3
ECOC25217,3
ECOC25218,3
ECOC25219,3
ECOC25220,3
ECOC25221,6
ECOC25222,3
ECOC25223,6
ECOC25224,3
ECOC25225,3
ECOC25226,3
ECOC25227,3
ECOC25228,3
ECOC25229,3
ECOC25230,3
ECOC25231,6
ECOC25232,3
ECOC25233,3
ECOC25234,3
ECOC25235,3
ECOC25236,3
ECOC25237,3
ECOC25238,3
ECOC25239,3
ECOC25240,6
ECOC25242,3
ECOC25243,6
ECOC25245,5
ECOC25246,6
ECOC25247,3
ECOC25248,1
ECOC25250,1
ECOC25252,3
ECOC25255,1
ECOC25256,5
ECOC25257,5
ECOC25258,3
ECOC25259,6
ECOC25260,6
ECOC25261,3
ECOC25262,3
ECOC25263,5
ECOC25264,1
ECOC25265,5
ECOC25266,3
ECOC25267,6
ECOC25268,6
ECOC25269,6
ECOC25271,6
ECOC25272,6
ECOC25273,6
ECOC25274,3
ECOC25275,3
ECOC25277,3
ECOC25278,3
ECOC25279,3
ECOC25280,3
ECOC25281,3
ECOC25282,1
ECOC25283,1
ECOC25284,1
ECOC25285,1
ECOC25286,1
ECOC25287,1
ECOC25288,1
ECOC25289,1
ECOC25290,3
ECOC25291,6
ECOC25292,3
ECOC25293,3
ECOC25294,3
ECOC25295,3
ECOC25296,3
ECOC25297,3
ECOC25298,6
ECOC25299,3
ECOC25300,3
ECOC25301,3
ECOC25302,6
ECOC25303,3
ECOC25304,3
ECOC25305,3
ECOC25306,3
ECOC25307,3
ECOC25308,3
ECOC25310,3
ECOC25311,3
ECOC25314,3
ECOC25315,3
ECOC25316,3
ECOC25317,3
ECOC25319,3
ECOC25320,3
ECOC25321,3
ECOC25322,6
ECOC25323,6
ECOC25324,6
ECOC25325,3
ECOC25326,6
ECOC25327,3
ECOC25328,6
ECOC25329,6
ECOC25330,6
ECOC25331,3
ECOC25332,6
ECOC25333,6
ECOC25334,6
ECOC25335,6
ECOC25336,3
ECOC25337,6
ECOC25338,3
ECOC25339,3
ECOC25340,3
ECOC25341,3
ECOC25342,3
ECOC25343,3
ECOC25344,3
ECOC25345,3
ECOC25348,3
ECOC25349,3
ECOC25350,0
ECOC25351,3
ECOC25352,3
ECOC25353,3
ECOC25354,3
ECOC25355,3
ECOC25356,3
ECOC25357,6
ECOC25358,3
ECOC25359,3
ECOC25360,3
ECOC25361,3
ECOC25362,3
ECOC25363,3
ECOC25364,6
ECOC25365,6
ECOC25366,3
ECOC25367,3
ECOC25368,3
ECOC25369,3
ECOC25370,1
ECOC25371,1
ECOC25372,1
ECOC25373,1
ECOC25375,1
ECOC25378,3
ECOC25379,3
ECOC25380,3
ECOC25381,3
ECOC25382,3
ECOC25383,3
ECOC25384,3
ECOC25385,3
ECOC25386,6
ECOC25387,6
ECOC25388,6
ECOC25389,6
ECOC25390,6
ECOC25391,6
ECOC25392,6
ECOC25393,6
ECOC25394,6
ECOC25395,6
ECOC25396,6
ECOC25397,6
ECOC25398,6
ECOC25399,6
ECOC25400,6
ECOC25401,6
ECOC25402,3
ECOC25403,3
ECOC25404,3
ECOC25405,3
ECOC25406,3
ECOC25407,3
ECOC25408,3
ECOC25409,3
ECOC25410,4
ECOC25411,1
ECOC25412,1
ECOC25414,1
ECOC25415,1
ECOC25416,1
ECOC25417,1
ECOC25418,3
ECOC25419,3
ECOC25420,3
ECOC25421,3
ECOC25422,3
ECOC25423,3
ECOC25424,3
ECOC25425,3
ECOC25426,3
ECOC25427,3
ECOC25428,3
ECOC25429,6
ECOC25430,3
ECOC25431,3
ECOC25432,3
ECOC25433,3
ECOC25434,3
ECOC25435,3
ECOC25439,3
ECOC25443,3
ECOC25444,3
ECOC25445,3
ECOC25446,3
ECOC25447,3
ECOC25448,3
ECOC25449,3
ECOC25450,3
ECOC25451,3
ECOC25452,6
ECOC25453,6
ECOC25454,6
ECOC25455,3
ECOC25456,6
ECOC25457,6
ECOC25458,6
ECOC25459,6
ECOC25460,6
ECOC25461,3
ECOC25462,3
ECOC25463,6
ECOC25464,3
ECOC25465,3
ECOC25466,3
ECOC25467,3
ECOC25468,3
ECOC25469,3
ECOC25470,3
ECOC25471,3
ECOC25472,3
ECOC25473,3
ECOC25476,3
ECOC25478,3
ECOC25479,3
ECOC25480,3
ECOC25481,3
ECOC25482,6
ECOC25483,3
ECOC25484,3
ECOC25485,6
ECOC25486,3
ECOC25487,6
ECOC25488,3
ECOC25489,3
ECOC25490,3
ECOC25491,3
ECOC25492,3
ECOC25493,3
ECOC25494,3
ECOC25495,3
ECOC25496,3
ECOC25497,3
ECOC25498,1
ECOC25499,1
ECOC25500,1
ECOC25501,1
ECOC25502,1
ECOC25503,1
ECOC25504,1
ECOC25505,1
ECOC25506,3
ECOC25507,3
ECOC25508,3
ECOC25509,3
ECOC25510,3
ECOC25511,3
ECOC25512,3
ECOC25513,3
ECOC25514,6
ECOC25515,6
ECOC25516,6
ECOC25518,3
ECOC25519,6
ECOC25520,6
ECOC25521,2
ECOC25522,6
ECOC25523,2
ECOC25525,2
ECOC25526,6
ECOC25527,6
ECOC25528,3
ECOC25529,3
ECOC25530,3
ECOC25532,3
ECOC25533,3
ECOC25534,3
ECOC25535,3
ECOC25536,3
ECOC25537,3
ECOC25541,3
ECOC25542,3
ECOC25543,3
ECOC25544,3
ECOC25545,3
ECOC25546,3
ECOC25547,3
ECOC25548,3
ECOC25549,3
ECOC25550,3
ECOC25551,6
ECOC25552,6
ECOC25553,3
ECOC25554,3
ECOC25555,3
ECOC25556,3
ECOC25557,6
ECOC25558,3
ECOC25559,3
ECOC25560,3
ECOC25561,3
ECOC25562,3
ECOC25563,3
ECOC25564,3
ECOC25565,3
ECOC25566,3
ECOC25568,3
ECOC25569,3
ECOC25570,3
ECOC25571,3
ECOC25572,3
ECOC25573,3
ECOC25574,3
ECOC25575,3
ECOC25576,6
ECOC25577,6
ECOC25578,6
ECOC25579,6
ECOC25580,3
ECOC25581,6
ECOC25582,6
ECOC25583,6
ECOC25584,6
ECOC25585,6
ECOC25586,3
ECOC25587,3
ECOC25588,6
ECOC25589,6
ECOC25590,3
ECOC25591,6
ECOC25592,3
ECOC25593,3
ECOC25594,3
ECOC25595,3
ECOC25596,3
ECOC25597,3
ECOC25599,3
ECOC25601,3
ECOC25603,3
ECOC25604,3
ECOC25605,3
ECOC25606,3
ECOC25607,3
ECOC25608,3
ECOC25609,3
ECOC25610,3
ECOC25611,3
ECOC25612,3
ECOC25613,6
ECOC25614,3
ECOC25615,3
ECOC25616,3
ECOC25617,3
ECOC25618,3
ECOC25619,3
ECOC25620,3
ECOC25621,3
ECOC25622,3
ECOC25623,3
ECOC25624,3
ECOC25625,3
ECOC25626,3
ECOC25627,3
ECOC25628,3
ECOC25629,3
ECOC25630,3
ECOC25631,3
ECOC25632,3
ECOC25633,3
ECOC25634,3
ECOC25635,3
ECOC25636,3
ECOC25637,3
ECOC25638,3
ECOC25639,3
ECOC25640,6
ECOC25641,6
ECOC25642,2
ECOC25643,6
ECOC25644,6
ECOC25645,6
ECOC25646,6
ECOC25647,6
ECOC25648,6
ECOC25649,2
ECOC25650,6
ECOC25651,6
ECOC25653,2
ECOC25654,6
ECOC25655,6
ECOC25656,3
ECOC25657,3
ECOC25658,3
ECOC25659,3
ECOC25660,3
ECOC25661,3
ECOC25662,3
ECOC25663,3
ECOC25664,3
ECOC25665,3
ECOC25667,3
ECOC25668,3
ECOC25669,3
ECOC25671,3
ECOC25672,3
ECOC25673,3
ECOC25674,6
ECOC25675,3
ECOC25676,3
ECOC25677,3
ECOC25678,3
ECOC25679,3
ECOC25680,3
ECOC25681,3
ECOC25682,3
ECOC25683,3
ECOC25684,3
ECOC25685,3
ECOC25686,6
ECOC25687,3
ECOC25688,3
ECOC25689,3
ECOC25691,3
ECOC25692,3
ECOC25693,3
ECOC25694,3
ECOC25696,3
ECOC25697,3
ECOC25698,3
ECOC25699,3
ECOC25700,3
ECOC25701,3
ECOC25702,3
ECOC25703,3
ECOC25704,6
ECOC25705,3
ECOC25706,6
ECOC25707,6
ECOC25708,6
ECOC25709,6
ECOC25710,6
ECOC25711,6
ECOC25712,6
ECOC25713,6
ECOC25714,6
ECOC25715,3
ECOC25716,6
ECOC25717,6
ECOC25718,6
ECOC25719,3
ECOC25720,3
ECOC25721,3
ECOC25722,3
ECOC25723,3
ECOC25724,3
ECOC25725,3
ECOC25726,3
ECOC25727,3
ECOC25728,3
ECOC25730,3
ECOC25732,3
ECOC25733,3
ECOC25734,3
ECOC25735,3
ECOC25736,3
ECOC25737,3
ECOC25738,3
ECOC25739,6
ECOC25740,6
ECOC25741,3
ECOC25742,3
ECOC25743,3
ECOC25744,3
ECOC25745,3
ECOC25746,3
ECOC25747,3
ECOC25748,3
ECOC25749,3
ECOC25750,3
ECOC25751,3
ECOC25752,3
ECOC25753,3
ECOC25754,3
ECOC25755,3
ECOC25756,3
ECOC25757,3
ECOC25759,3
ECOC25760,3
ECOC25761,3
ECOC25762,3
ECOC25763,3
ECOC25764,3
ECOC25765,3
ECOC25766,3
ECOC25767,3
ECOC25768,6
ECOC25769,6
ECOC25770,6
ECOC25772,6
ECOC25773,6
ECOC25774,2
ECOC25775,6
ECOC25776,2
ECOC25777,6
ECOC25779,6
ECOC25780,6
ECOC25781,6
ECOC25782,3
ECOC25783,3
ECOC25784,3
ECOC25785,3
ECOC25786,3
ECOC25787,3
ECOC25788,3
ECOC25789,3
ECOC25790,5
ECOC25791,5
ECOC25792,5
ECOC25793,3
ECOC25794,5
ECOC25795,5
ECOC25796,5
ECOC25797,5
ECOC25798,3
ECOC25799,3
ECOC25800,3
ECOC25801,3
ECOC25802,3
ECOC25803,3
ECOC25804,3
ECOC25805,3
ECOC25806,6
ECOC25807,6
ECOC25808,6
ECOC25809,3
ECOC25810,3
ECOC25811,6
ECOC25812,3
ECOC25813,6
ECOC25814,3
ECOC25815,5
ECOC25816,3
ECOC25817,3
ECOC25818,3
ECOC25819,3
ECOC25820,3
ECOC25821,3
ECOC25822,3
ECOC25823,3
ECOC25824,3
ECOC25825,3
ECOC25827,3
ECOC25829,3
ECOC25830,6
ECOC25832,6
ECOC25833,6
ECOC25834,3
ECOC25835,3
ECOC25836,6
ECOC25837,6
ECOC25838,6
ECOC25839,2
ECOC25840,6
ECOC25841,6
ECOC25842,6
ECOC25843,6
ECOC25844,6
ECOC25845,6
ECOC25846,3
ECOC25847,3
ECOC25848,3
ECOC25849,3
ECOC25850,3
ECOC25851,3
ECOC25852,3
ECOC25853,3
ECOC25854,5
ECOC25855,3
ECOC25856,3
ECOC25857,3
ECOC25858,3
ECOC25859,3
ECOC25860,3
ECOC25861,3
ECOC25862,3
ECOC25863,6
ECOC25864,6
ECOC25865,3
ECOC25866,3
ECOC25867,6
ECOC25868,3
ECOC25869,6
ECOC25870,6
ECOC25871,3
ECOC25872,3
ECOC25873,3
ECOC25874,3
ECOC25875,3
ECOC25876,3
ECOC25877,3
ECOC25878,3
ECOC25879,3
ECOC25880,3
ECOC25881,5
ECOC25882,3
ECOC25883,3
ECOC25884,3
ECOC25885,5
ECOC25886,3
ECOC25887,3
ECOC25888,3
ECOC25889,3
ECOC25890,3
ECOC25891,3
ECOC25893,3
ECOC25894,6
ECOC25895,6
ECOC25896,6
ECOC25897,6
ECOC25898,6
ECOC25899,6
ECOC25900,6
ECOC25901,6
ECOC25902,6
ECOC25903,6
ECOC25904,6
ECOC25905,6
ECOC25907,6
ECOC25908,6
ECOC25909,6
ECOC25910,3
ECOC25911,3
ECOC25912,3
ECOC25913,3
ECOC25914,3
ECOC25915,3
ECOC25916,3
ECOC25917,3
ECOC25918,5
ECOC25919,3
ECOC25920,3
ECOC25921,3
ECOC25922,5
ECOC25923,5
ECOC25924,3
ECOC25925,5
ECOC25926,3
ECOC25927,3
ECOC25928,3
ECOC25929,3
ECOC25930,3
ECOC25931,3
ECOC25932,3
ECOC25933,3
ECOC25934,6
ECOC25935,3
ECOC25936,3
ECOC25937,6
ECOC25938,3
ECOC25939,6
ECOC25940,3
ECOC25941,6
ECOC25942,5
ECOC25943,3
ECOC25944,5
ECOC25945,3
ECOC25946,3
ECOC25947,3
ECOC25948,5
ECOC25949,5
ECOC25950,3
ECOC25951,3
ECOC25952,3
ECOC25953,3
ECOC25954,3
ECOC25955,3
ECOC25956,3
ECOC25957,3
ECOC25958,6
ECOC25959,6
ECOC25960,6
ECOC25961,6
ECOC25962,3
ECOC25963,6
ECOC25964,2
ECOC25965,2
ECOC25966,6
ECOC25967,6
ECOC25968,3
ECOC25970,6
ECOC25971,6
ECOC25972,6
ECOC25975,3
ECOC25976,3
ECOC25977,3
ECOC25978,3
ECOC25979,3
ECOC25981,3
ECOC25982,3
ECOC25983,3
ECOC25984,3
ECOC25985,3
ECOC25986,3
ECOC25988,3
ECOC25989,3
ECOC25990,3
ECOC25991,3
ECOC25992,6
ECOC25993,6
ECOC25994,3
ECOC25995,3
ECOC25996,3
ECOC25997,3
ECOC25998,6
ECOC25999,6
ECOC26,3
ECOC26000,3
ECOC26001,3
ECOC26002,3
ECOC26003,3
ECOC26004,3
ECOC26005,3
ECOC26006,5
ECOC26007,3
ECOC26008,0
ECOC26009,5
ECOC26010,3
ECOC26011,3
ECOC26013,5
ECOC26014,3
ECOC26015,3
ECOC26016,3
ECOC26017,3
ECOC26018,3
ECOC26019,3
ECOC26020,3
ECOC26021,3
ECOC26022,6
ECOC26023,6
ECOC26024,6
ECOC26026,6
ECOC26027,6
ECOC26028,6
ECOC26029,3
ECOC26031,3
ECOC26032,3
ECOC26033,0
ECOC26034,0
ECOC26035,3
ECOC26036,3
ECOC26037,3
ECOC26039,3
ECOC26040,0
ECOC26041,0
ECOC26042,3
ECOC26043,3
ECOC26044,3
ECOC26046,3
ECOC26047,3
ECOC26048,3
ECOC26049,3
ECOC26050,3
ECOC26051,3
ECOC26053,2
ECOC26054,5
ECOC26055,1
ECOC26056,2
ECOC26057,1
ECOC26058,2
ECOC26060,3
ECOC26061,2
ECOC26062,5
ECOC26063,1
ECOC26064,6
ECOC26065,1
ECOC26066,2
ECOC26068,3
ECOC26069,2
ECOC26070,5
ECOC26071,1
ECOC26072,6
ECOC26073,1
ECOC26074,2
ECOC26076,5
ECOC26077,2
ECOC26078,5
ECOC26079,1
ECOC26080,6
ECOC26081,1
ECOC26082,2
ECOC26083,2
ECOC26084,1
ECOC26085,6
ECOC26086,1
ECOC26087,5
ECOC26088,6
ECOC26089,3
ECOC26090,2
ECOC26091,2
ECOC26092,1
ECOC26093,2
ECOC26094,5
ECOC26095,5
ECOC26096,2
ECOC26097,3
ECOC26098,6
ECOC26099,6
ECOC26100,5
ECOC26101,2
ECOC26102,1
ECOC26103,5
ECOC26104,2
ECOC26105,3
ECOC26106,2
ECOC26107,2
ECOC26108,1
ECOC26109,6
ECOC26110,1
ECOC26111,5
ECOC26112,2
ECOC26113,3
ECOC26114,2
ECOC26115,2
ECOC26116,3
ECOC26117,6
ECOC26118,3
ECOC26119,1
ECOC26120,6
ECOC26121,1
ECOC26122,2
ECOC26123,2
ECOC26124,3
ECOC26125,6
ECOC26126,5
ECOC26127,1
ECOC26128,2
ECOC26129,5
ECOC26130,6
ECOC26131,6
ECOC26132,3
ECOC26133,2
ECOC26134,1
ECOC26135,1
ECOC26136,2
ECOC26137,1
ECOC26138,2
ECOC26139,2
ECOC26140,3
ECOC26141,6
ECOC26142,5
ECOC26143,1
ECOC26144,6
ECOC26145,1
ECOC26146,2
ECOC26147,2
ECOC26148,1
ECOC26149,6
ECOC26150,1
ECOC26151,5
ECOC26152,2
ECOC26153,5
ECOC26155,2
ECOC26156,1
ECOC26157,6
ECOC26158,1
ECOC26159,5
ECOC26160,2
ECOC26161,5
ECOC26163,6
ECOC26164,1
ECOC26165,6
ECOC26166,1
ECOC26167,3
ECOC26168,2
ECOC26169,5
ECOC26171,2
ECOC26172,1
ECOC26173,2
ECOC26174,1
ECOC26175,5
ECOC26176,2
ECOC26177,3
ECOC26179,3
ECOC26180,3
ECOC26181,2
ECOC26182,6
ECOC26183,5
ECOC26184,5
ECOC26185,3
ECOC26186,5
ECOC26187,1
ECOC26188,1
ECOC26189,3
ECOC26190,5
ECOC26191,1
ECOC26192,1
ECOC26194,6
ECOC26195,3
ECOC26196,3
ECOC26197,6
ECOC26198,6
ECOC26199,5
ECOC26200,1
ECOC26201,3
ECOC26202,3
ECOC26203,1
ECOC26204,1
ECOC26205,5
ECOC26206,3
ECOC26207,1
ECOC26208,1
ECOC26209,3
ECOC26210,3
ECOC26211,3
ECOC26212,3
ECOC26213,6
ECOC26214,6
ECOC26215,1
ECOC26216,1
ECOC26217,5
ECOC26218,3
ECOC26219,3
ECOC26220,3
ECOC26221,3
ECOC26222,3
ECOC26223,6
ECOC26224,3
ECOC26225,3
ECOC26226,3
ECOC26227,3
ECOC26228,3
ECOC26230,3
ECOC26231,1
ECOC26232,1
ECOC26233,5
ECOC26234,3
ECOC26235,3
ECOC26236,3
ECOC26237,3
ECOC26238,3
ECOC26239,6
ECOC26240,3
ECOC26241,6
ECOC26242,6
ECOC26243,3
ECOC26244,3
ECOC26245,6
ECOC26246,6
ECOC26247,5
ECOC26248,0
ECOC26249,3
ECOC26250,3
ECOC26251,3
ECOC26252,5
ECOC26253,5
ECOC26254,5
ECOC26255,3
ECOC26256,5
ECOC26257,2
ECOC26258,6
ECOC26259,3
ECOC26260,3
ECOC26261,6
ECOC26262,6
ECOC26263,5
ECOC26264,5
ECOC26265,3
ECOC26266,5
ECOC26267,5
ECOC26268,3
ECOC26269,3
ECOC26270,5
ECOC26271,3
ECOC26272,5
ECOC26273,3
ECOC26274,3
ECOC26275,3
ECOC26276,3
ECOC26277,1
ECOC26278,5
ECOC26279,1
ECOC26280,5
ECOC26281,3
ECOC26282,5
ECOC26283,3
ECOC26284,3
ECOC26285,3
ECOC26286,3
ECOC26287,3
ECOC26288,3
ECOC26289,3
ECOC26290,3
ECOC26291,3
ECOC26292,3
ECOC26293,1
ECOC26294,5
ECOC26295,1
ECOC26296,5
ECOC26297,5
ECOC26298,3
ECOC26299,3
ECOC26300,3
ECOC26301,3
ECOC26302,3
ECOC26303,3
ECOC26304,3
ECOC26305,3
ECOC26306,3
ECOC26307,3
ECOC26308,3
ECOC26309,3
ECOC26310,3
ECOC26311,3
ECOC26312,5
ECOC26313,5
ECOC26314,1
ECOC26315,5
ECOC26317,3
ECOC26318,3
ECOC26319,3
ECOC26320,3
ECOC26321,3
ECOC26322,3
ECOC26323,3
ECOC26324,3
ECOC26325,3
ECOC26326,3
ECOC26327,3
ECOC26328,3
ECOC26329,5
ECOC26330,1
ECOC26331,5
ECOC26332,1
ECOC26333,3
ECOC26334,3
ECOC26335,3
ECOC26336,3
ECOC26337,0
ECOC26338,3
ECOC26339,5
ECOC26340,3
ECOC26341,5
ECOC26342,5
ECOC26343,5
ECOC26344,3
ECOC26345,5
ECOC26346,5
ECOC26347,3
ECOC26348,3
ECOC26349,3
ECOC26350,3
ECOC26351,6
ECOC26352,6
ECOC26353,5
ECOC26354,3
ECOC26355,5
ECOC26356,3
ECOC26357,3
ECOC26358,3
ECOC26359,3
ECOC26360,3
ECOC26361,5
ECOC26362,5
ECOC26363,3
ECOC26364,3
ECOC26365,3
ECOC26366,3
ECOC26367,6
ECOC26368,2
ECOC26369,6
ECOC26370,3
ECOC26371,3
ECOC26372,3
ECOC26373,3
ECOC26374,3
ECOC26375,3
ECOC26376,5
ECOC26377,1
ECOC26378,1
ECOC26379,6
ECOC26380,6
ECOC26381,3
ECOC26382,3
ECOC26383,3
ECOC26384,3
ECOC26385,3
ECOC26386,6
ECOC26387,3
ECOC26388,0
ECOC26389,3
ECOC26390,3
ECOC26391,3
ECOC26392,5
ECOC26393,1
ECOC26394,1
ECOC26395,6
ECOC26396,6
ECOC26397,3
ECOC26398,3
ECOC26399,3
ECOC26400,3
ECOC26401,1
ECOC26402,1
ECOC26403,3
ECOC26404,5
ECOC26405,1
ECOC26406,5
ECOC26407,3
ECOC26408,3
ECOC26409,1
ECOC26410,5
ECOC26411,6
ECOC26412,6
ECOC26413,3
ECOC26414,3
ECOC26415,6
ECOC26417,1
ECOC26418,1
ECOC26419,3
ECOC26420,3
ECOC26421,1
ECOC26422,1
ECOC26423,3
ECOC26424,3
ECOC26425,5
ECOC26426,5
ECOC26427,2
ECOC26428,6
ECOC26429,3
ECOC26430,3
ECOC26432,3
ECOC26433,2
ECOC26434,1
ECOC26435,5
ECOC26436,1
ECOC26437,3
ECOC26438,5
ECOC26440,3
ECOC26441,2
ECOC26442,1
ECOC26443,5
ECOC26444,1
ECOC26445,5
ECOC26446,5
ECOC26447,3
ECOC26448,3
ECOC26449,6
ECOC26450,1
ECOC26451,5
ECOC26452,3
ECOC26453,3
ECOC26454,6
ECOC26455,3
ECOC26456,3
ECOC26457,6
ECOC26458,1
ECOC26459,5
ECOC26460,3
ECOC26461,3
ECOC26462,6
ECOC26463,2
ECOC26464,3
ECOC26465,6
ECOC26466,5
ECOC26467,3
ECOC26468,5
ECOC26469,3
ECOC26470,3
ECOC26471,2
ECOC26472,3
ECOC26473,6
ECOC26474,1
ECOC26475,3
ECOC26476,5
ECOC26477,3
ECOC26478,3
ECOC26479,3
ECOC26480,3
ECOC26481,0
ECOC26482,5
ECOC26483,5
ECOC26484,3
ECOC26485,3
ECOC26486,3
ECOC26487,3
ECOC26488,3
ECOC26489,0
ECOC26490,1
ECOC26491,5
ECOC26492,3
ECOC26493,3
ECOC26494,3
ECOC26495,3
ECOC26496,3
ECOC26497,3
ECOC26498,5
ECOC26499,1
ECOC26500,1
ECOC26501,3
ECOC26502,3
ECOC26503,3
ECOC26504,3
ECOC26505,3
ECOC26506,5
ECOC26507,5
ECOC26508,5
ECOC26509,3
ECOC26510,3
ECOC26511,3
ECOC26512,5
ECOC26513,3
ECOC26514,3
ECOC26515,1
ECOC26516,3
ECOC26517,3
ECOC26518,6
ECOC26519,3
ECOC26520,5
ECOC26521,3
ECOC26522,3
ECOC26523,3
ECOC26524,6
ECOC26525,3
ECOC26526,6
ECOC26527,3
ECOC26528,3
ECOC26529,3
ECOC26530,5
ECOC26531,1
ECOC26532,6
ECOC26533,3
ECOC26534,3
ECOC26535,3
ECOC26536,3
ECOC26537,3
ECOC26538,5
ECOC26539,1
ECOC26540,3
ECOC26541,3
ECOC26542,3
ECOC26543,5
ECOC26544,5
ECOC26545,1
ECOC26546,5
ECOC26547,1
ECOC26548,2
ECOC26549,3
ECOC26550,2
ECOC26551,3
ECOC26552,5
ECOC26553,1
ECOC26554,1
ECOC26555,1
ECOC26556,6
ECOC26557,3
ECOC26559,6
ECOC26560,3
ECOC26561,2
ECOC26562,1
ECOC26563,1
ECOC26564,1
ECOC26565,5
ECOC26566,5
ECOC26567,2
ECOC26568,3
ECOC26569,2
ECOC26570,1
ECOC26571,5
ECOC26572,1
ECOC26573,3
ECOC26574,5
ECOC26575,3
ECOC26576,3
ECOC26577,6
ECOC26578,1
ECOC26579,5
ECOC26580,3
ECOC26581,3
ECOC26582,3
ECOC26583,3
ECOC26584,3
ECOC26586,1
ECOC26587,5
ECOC26588,3
ECOC26589,3
ECOC26590,3
ECOC26591,6
ECOC26592,3
ECOC26593,3
ECOC26594,5
ECOC26595,5
ECOC26596,3
ECOC26597,3
ECOC26598,6
ECOC26599,2
ECOC26600,3
ECOC26601,3
ECOC26602,5
ECOC26603,3
ECOC26604,3
ECOC26605,5
ECOC26606,3
ECOC26607,3
ECOC26608,3
ECOC26609,5
ECOC26610,5
ECOC26611,3
ECOC26612,3
ECOC26613,3
ECOC26614,6
ECOC26615,3
ECOC26616,3
ECOC26618,5
ECOC26619,5
ECOC26620,3
ECOC26621,3
ECOC26622,3
ECOC26623,3
ECOC26624,3
ECOC26625,3
ECOC26626,5
ECOC26627,1
ECOC26628,0
ECOC26629,3
ECOC26630,3
ECOC26631,6
ECOC26632,3
ECOC26633,3
ECOC26634,5
ECOC26635,5
ECOC26636,0
ECOC26637,3
ECOC26638,3
ECOC26639,3
ECOC26640,3
ECOC26641,5
ECOC26642,3
ECOC26643,5
ECOC26644,6
ECOC26645,3
ECOC26646,2
ECOC26647,3
ECOC26648,3
ECOC26649,5
ECOC26650,3
ECOC26651,5
ECOC26652,6
ECOC26653,3
ECOC26654,2
ECOC26655,6
ECOC26656,3
ECOC26657,3
ECOC26658,5
ECOC26659,1
ECOC26660,6
ECOC26661,3
ECOC26662,3
ECOC26663,6
ECOC26664,3
ECOC26665,3
ECOC26666,5
ECOC26667,1
ECOC26668,6
ECOC26669,3
ECOC26670,3
ECOC26671,5
ECOC26672,3
ECOC26673,1
ECOC26674,5
ECOC26675,1
ECOC26676,2
ECOC26677,3
ECOC26679,3
ECOC26680,3
ECOC26681,5
ECOC26682,5
ECOC26683,5
ECOC26684,2
ECOC26685,3
ECOC26688,2
ECOC26689,6
ECOC26690,2
ECOC26692,2
ECOC26693,6
ECOC26694,6
ECOC26695,2
ECOC26696,6
ECOC26697,2
ECOC26698,6
ECOC26699,2
ECOC26700,6
ECOC26701,2
ECOC26702,2
ECOC26704,2
ECOC26705,2
ECOC26706,2
ECOC26707,6
ECOC26708,6
ECOC26709,2
ECOC26710,6
ECOC26711,2
ECOC26713,2
ECOC26714,6
ECOC26716,2
ECOC26717,6
ECOC26718,2
ECOC26719,6
ECOC26720,2
ECOC26721,6
ECOC26723,2
ECOC26724,6
ECOC26725,2
ECOC26727,2
ECOC26728,6
ECOC26729,6
ECOC26731,3
ECOC26733,5
ECOC26735,1
ECOC26736,1
ECOC26737,5
ECOC26738,1
ECOC26739,5
ECOC26740,2
ECOC26741,3
ECOC26742,1
ECOC26743,5
ECOC26744,3
ECOC26745,5
ECOC26746,1
ECOC26747,2
ECOC26748,3
ECOC26749,1
ECOC26750,1
ECOC26751,3
ECOC26752,2
ECOC26753,3
ECOC26754,1
ECOC26755,5
ECOC26756,2
ECOC26757,3
ECOC26758,1
ECOC26759,3
ECOC26760,3
ECOC26761,5
ECOC26762,1
ECOC26763,6
ECOC26764,5
ECOC26765,5
ECOC26766,1
ECOC26767,3
ECOC26768,3
ECOC26769,1
ECOC26770,3
ECOC26771,3
ECOC26772,6
ECOC26773,1
ECOC26774,3
ECOC26775,3
ECOC26776,3
ECOC26777,1
ECOC26778,1
ECOC26779,2
ECOC26780,1
ECOC26781,1
ECOC26782,1
ECOC26783,2
ECOC26784,3
ECOC26785,1
ECOC26786,3
ECOC26787,3
ECOC26788,2
ECOC26789,1
ECOC26790,5
ECOC26791,3
ECOC26792,5
ECOC26793,1
ECOC26794,1
ECOC26795,2
ECOC26796,5
ECOC26797,1
ECOC26798,1
ECOC26799,2
ECOC26800,2
ECOC26801,1
ECOC26802,1
ECOC26803,5
ECOC26804,2
ECOC26805,1
ECOC26806,1
ECOC26807,5
ECOC26808,3
ECOC26809,5
ECOC26810,1
ECOC26811,2
ECOC26812,3
ECOC26813,3
ECOC26814,1
ECOC26815,6
ECOC26816,2
ECOC26817,5
ECOC26818,1
ECOC26819,5
ECOC26820,2
ECOC26821,5
ECOC26822,1
ECOC26823,3
ECOC26824,3
ECOC26825,3
ECOC26826,1
ECOC26827,6
ECOC26828,3
ECOC26829,3
ECOC26830,1
ECOC26831,3
ECOC26832,3
ECOC26833,1
ECOC26834,5
ECOC26835,3
ECOC26836,6
ECOC26837,1
ECOC26838,5
ECOC26839,3
ECOC26840,3
ECOC26841,1
ECOC26842,3
ECOC26843,2
ECOC26844,5
ECOC26845,1
ECOC26846,3
ECOC26847,2
ECOC26848,3
ECOC26849,1
ECOC26850,5
ECOC26851,3
ECOC26852,6
ECOC26853,1
ECOC26854,1
ECOC26855,3
ECOC26856,5
ECOC26857,1
ECOC26858,3
ECOC26859,2
ECOC26860,1
ECOC26861,1
ECOC26862,5
ECOC26863,3
ECOC26865,3
ECOC26867,6
ECOC26869,2
ECOC26870,1
ECOC26871,5
ECOC26872,3
ECOC26873,3
ECOC26874,3
ECOC26875,3
ECOC26876,3
ECOC26877,3
ECOC26878,0
ECOC26880,3
ECOC26881,3
ECOC26882,3
ECOC26883,3
ECOC26884,3
ECOC26885,3
ECOC26886,3
ECOC26887,3
ECOC26888,3
ECOC26889,3
ECOC26890,3
ECOC26891,3
ECOC26892,3
ECOC26893,3
ECOC26894,3
ECOC26895,3
ECOC26896,3
ECOC26897,3
ECOC26898,3
ECOC26899,3
ECOC26900,3
ECOC26901,6
ECOC26902,3
ECOC26903,3
ECOC26904,3
ECOC26905,3
ECOC26906,3
ECOC26907,3
ECOC26908,3
ECOC26909,3
ECOC26910,3
ECOC26911,3
ECOC26912,6
ECOC26913,3
ECOC26914,6
ECOC26915,3
ECOC26916,3
ECOC26917,3
ECOC26918,6
ECOC26919,3
ECOC26920,3
ECOC26921,3
ECOC26922,6
ECOC26923,3
ECOC26924,6
ECOC26925,3
ECOC26926,3
ECOC26927,2
ECOC26928,6
ECOC26929,2
ECOC26930,2
ECOC26931,2
ECOC26932,3
ECOC26933,2
ECOC26934,3
ECOC26935,6
ECOC26936,3
ECOC26937,2
ECOC26938,3
ECOC26939,2
ECOC26940,3
ECOC26941,2
ECOC26942,3
ECOC26943,3
ECOC26944,3
ECOC26945,3
ECOC26946,3
ECOC26947,3
ECOC26948,3
ECOC26949,3
ECOC26950,3
ECOC26951,3
ECOC26952,3
ECOC26953,3
ECOC26954,6
ECOC26955,3
ECOC26956,3
ECOC26957,3
ECOC26958,3
ECOC26959,3
ECOC26960,3
ECOC26961,3
ECOC26962,3
ECOC26963,3
ECOC26964,3
ECOC26965,3
ECOC26966,3
ECOC26967,3
ECOC26968,3
ECOC26969,3
ECOC26970,3
ECOC26971,3
ECOC26972,3
ECOC26973,3
ECOC26974,3
ECOC26975,3
ECOC26976,6
ECOC26977,3
ECOC26978,3
ECOC26979,3
ECOC26980,6
ECOC26981,3
ECOC26982,6
ECOC26983,3
ECOC26984,2
ECOC26985,3
ECOC26986,6
ECOC26987,3
ECOC26988,2
ECOC26989,3
ECOC26990,6
ECOC26991,2
ECOC26992,3
ECOC26993,2
ECOC26994,3
ECOC26995,2
ECOC26996,3
ECOC26997,2
ECOC26998,3
ECOC26999,2
ECOC27,2
ECOC27000,3
ECOC27001,6
ECOC27002,3
ECOC27003,2
ECOC27004,3
ECOC27005,2
ECOC27006,3
ECOC27007,3
ECOC27008,6
ECOC27009,3
ECOC27010,2
ECOC27011,3
ECOC27012,2
ECOC27013,3
ECOC27014,2
ECOC27015,3
ECOC27016,6
ECOC27017,3
ECOC27018,2
ECOC27019,6
ECOC27020,2
ECOC27021,6
ECOC27022,2
ECOC27023,6
ECOC27024,3
ECOC27025,6
ECOC27026,3
ECOC27027,6
ECOC27028,3
ECOC27029,2
ECOC27030,3
ECOC27031,6
ECOC27032,3
ECOC27033,6
ECOC27034,3
ECOC27035,2
ECOC27036,6
ECOC27037,2
ECOC27038,3
ECOC27039,6
ECOC27040,6
ECOC27041,6
ECOC27042,3
ECOC27043,6
ECOC27044,6
ECOC27045,3
ECOC27046,3
ECOC27047,6
ECOC27048,3
ECOC27049,2
ECOC27050,3
ECOC27051,3
ECOC27052,6
ECOC27053,3
ECOC27054,3
ECOC27055,6
ECOC27056,6
ECOC27057,3
ECOC27058,3
ECOC27059,2
ECOC27060,3
ECOC27061,6
ECOC27062,3
ECOC27063,3
ECOC27064,3
ECOC27065,3
ECOC27066,3
ECOC27067,6
ECOC27068,3
ECOC27069,3
ECOC27070,3
ECOC27071,3
ECOC27072,2
ECOC27073,3
ECOC27074,2
ECOC27075,3
ECOC27076,2
ECOC27077,3
ECOC27078,2
ECOC27079,3
ECOC27080,2
ECOC27081,2
ECOC27082,2
ECOC27083,6
ECOC27084,2
ECOC27085,3
ECOC27086,2
ECOC27087,6
ECOC27088,3
ECOC27089,6
ECOC27090,3
ECOC27091,2
ECOC27092,3
ECOC27093,6
ECOC27094,3
ECOC27095,2
ECOC27096,6
ECOC27097,6
ECOC27098,3
ECOC27099,2
ECOC27100,2
ECOC27101,2
ECOC27102,6
ECOC27103,3
ECOC27104,3
ECOC27105,6
ECOC27106,3
ECOC27107,3
ECOC27108,6
ECOC27109,3
ECOC27110,3
ECOC27111,3
ECOC27112,3
ECOC27113,6
ECOC27114,3
ECOC27115,3
ECOC27116,2
ECOC27117,3
ECOC27118,3
ECOC27119,3
ECOC27120,3
ECOC27121,3
ECOC27122,3
ECOC27123,3
ECOC27124,3
ECOC27125,3
ECOC27126,3
ECOC27127,3
ECOC27128,3
ECOC27129,3
ECOC27130,3
ECOC27131,3
ECOC27132,3
ECOC27133,3
ECOC27134,3
ECOC27135,3
ECOC27136,3
ECOC27137,3
ECOC27138,3
ECOC27139,3
ECOC27140,3
ECOC27141,3
ECOC27142,3
ECOC27143,3
ECOC27144,3
ECOC27145,3
ECOC27146,3
ECOC27147,3
ECOC27148,3
ECOC27149,3
ECOC27150,3
ECOC27151,3
ECOC27152,3
ECOC27153,6
ECOC27154,3
ECOC27155,3
ECOC27156,3
ECOC27157,3
ECOC27158,3
ECOC27159,3
ECOC27160,3
ECOC27161,6
ECOC27162,3
ECOC27163,3
ECOC27164,6
ECOC27165,3
ECOC27166,3
ECOC27167,6
ECOC27168,2
ECOC27169,6
ECOC27170,2
ECOC27171,6
ECOC27172,6
ECOC27173,6
ECOC27174,2
ECOC27175,3
ECOC27176,6
ECOC27177,6
ECOC27178,2
ECOC27179,3
ECOC27180,6
ECOC27181,3
ECOC27182,6
ECOC27183,2
ECOC27184,3
ECOC27185,2
ECOC27186,6
ECOC27187,2
ECOC27188,6
ECOC27189,2
ECOC27190,3
ECOC27191,2
ECOC27192,3
ECOC27193,2
ECOC27194,3
ECOC27195,2
ECOC27196,3
ECOC27197,2
ECOC27198,3
ECOC27199,3
ECOC27200,3
ECOC27201,3
ECOC27202,6
ECOC27203,3
ECOC27204,3
ECOC27205,3
ECOC27206,3
ECOC27207,3
ECOC27208,6
ECOC27209,3
ECOC27210,2
ECOC27211,3
ECOC27212,3
ECOC27213,6
ECOC27214,6
ECOC27215,3
ECOC27216,3
ECOC27217,6
ECOC27218,6
ECOC27219,3
ECOC27220,6
ECOC27221,6
ECOC27222,6
ECOC27223,3
ECOC27224,3
ECOC27225,6
ECOC27226,6
ECOC27227,3
ECOC27228,6
ECOC27229,6
ECOC27230,6
ECOC27231,3
ECOC27232,2
ECOC27233,3
ECOC27234,2
ECOC27235,3
ECOC27236,6
ECOC27237,3
ECOC27238,6
ECOC27239,3
ECOC27240,2
ECOC27241,3
ECOC27242,2
ECOC27243,3
ECOC27244,6
ECOC27245,3
ECOC27246,3
ECOC27247,2
ECOC27248,6
ECOC27249,2
ECOC27250,6
ECOC27251,2
ECOC27252,3
ECOC27253,6
ECOC27254,3
ECOC27255,2
ECOC27256,6
ECOC27257,2
ECOC27258,3
ECOC27259,2
ECOC27260,3
ECOC27261,2
ECOC27262,3
ECOC27263,3
ECOC27264,2
ECOC27265,3
ECOC27266,2
ECOC27267,3
ECOC27268,6
ECOC27269,3
ECOC27270,2
ECOC27271,3
ECOC27272,2
ECOC27273,3
ECOC27274,2
ECOC27275,3
ECOC27276,6
ECOC27277,3
ECOC27278,2
ECOC27279,6
ECOC27280,3
ECOC27281,2
ECOC27282,3
ECOC27283,3
ECOC27284,3
ECOC27285,2
ECOC27286,3
ECOC27287,6
ECOC27288,3
ECOC27289,6
ECOC27290,3
ECOC27291,6
ECOC27292,3
ECOC27293,6
ECOC27294,3
ECOC27295,3
ECOC27296,3
ECOC27297,3
ECOC27298,3
ECOC27299,3
ECOC27300,3
ECOC27301,3
ECOC27302,3
ECOC27303,3
ECOC27304,6
ECOC27305,3
ECOC27306,3
ECOC27307,3
ECOC27308,3
ECOC27309,3
ECOC27310,3
ECOC27311,6
ECOC27312,3
ECOC27313,3
ECOC27314,3
ECOC27315,6
ECOC27316,3
ECOC27317,3
ECOC27318,3
ECOC27319,3
ECOC27320,3
ECOC27321,3
ECOC27322,3
ECOC27323,3
ECOC27324,3
ECOC27325,3
ECOC27326,3
ECOC27327,3
ECOC27328,2
ECOC27329,3
ECOC27330,2
ECOC27331,3
ECOC27332,2
ECOC27333,3
ECOC27334,6
ECOC27335,3
ECOC27336,2
ECOC27337,3
ECOC27338,2
ECOC27339,6
ECOC27340,2
ECOC27341,6
ECOC27342,2
ECOC27343,6
ECOC27344,3
ECOC27345,6
ECOC27346,3
ECOC27347,3
ECOC27348,3
ECOC27349,6
ECOC27350,3
ECOC27351,6
ECOC27352,3
ECOC27353,3
ECOC27354,3
ECOC27355,6
ECOC27356,3
ECOC27357,6
ECOC27358,3
ECOC27359,3
ECOC27360,3
ECOC27361,3
ECOC27362,3
ECOC27363,3
ECOC27364,3
ECOC27365,3
ECOC27366,3
ECOC27367,3
ECOC27368,6
ECOC27369,3
ECOC27370,3
ECOC27371,3
ECOC27372,3
ECOC27373,3
ECOC27374,3
ECOC27375,3
ECOC27376,3
ECOC27377,3
ECOC27378,3
ECOC27379,3
ECOC27380,3
ECOC27381,3
ECOC27382,3
ECOC27383,3
ECOC27384,3
ECOC27385,3
ECOC27386,3
ECOC27387,3
ECOC27388,3
ECOC27389,3
ECOC27390,6
ECOC27391,6
ECOC27392,3
ECOC27393,3
ECOC27394,3
ECOC27395,3
ECOC27396,3
ECOC27397,3
ECOC27398,3
ECOC27399,3
ECOC27400,3
ECOC27401,3
ECOC27402,3
ECOC27403,5
ECOC27404,3
ECOC27405,3
ECOC27406,5
ECOC27407,3
ECOC27408,3
ECOC27409,3
ECOC27410,3
ECOC27411,3
ECOC27412,3
ECOC27413,3
ECOC27414,3
ECOC27415,3
ECOC27416,3
ECOC27417,3
ECOC27418,6
ECOC27419,6
ECOC27420,3
ECOC27421,3
ECOC27422,3
ECOC27423,3
ECOC27424,3
ECOC27425,3
ECOC27426,3
ECOC27427,2
ECOC27428,6
ECOC27429,6
ECOC27431,3
ECOC27432,2
ECOC27433,3
ECOC27434,3
ECOC27435,3
ECOC27436,3
ECOC27437,3
ECOC27438,3
ECOC27439,3
ECOC27440,3
ECOC27441,3
ECOC27442,3
ECOC27443,3
ECOC27444,3
ECOC27445,2
ECOC27446,2
ECOC27447,2
ECOC27448,2
ECOC27449,3
ECOC27450,3
ECOC27451,3
ECOC27452,3
ECOC27453,3
ECOC27454,3
ECOC27455,3
ECOC27456,3
ECOC27457,3
ECOC27458,3
ECOC27459,3
ECOC27460,3
ECOC27461,2
ECOC27462,2
ECOC27463,2
ECOC27464,2
ECOC27465,3
ECOC27466,3
ECOC27467,3
ECOC27468,3
ECOC27469,3
ECOC27470,3
ECOC27471,3
ECOC27472,3
ECOC27473,3
ECOC27474,3
ECOC27475,3
ECOC27476,3
ECOC27477,2
ECOC27478,2
ECOC27479,2
ECOC27480,2
ECOC27481,3
ECOC27482,3
ECOC27483,3
ECOC27484,3
ECOC27485,3
ECOC27486,3
ECOC27487,3
ECOC27488,3
ECOC27489,3
ECOC27490,3
ECOC27491,3
ECOC27492,3
ECOC27493,2
ECOC27494,6
ECOC27495,2
ECOC27496,3
ECOC27497,3
ECOC27498,3
ECOC27499,6
ECOC27500,3
ECOC27501,3
ECOC27502,6
ECOC27503,3
ECOC27504,3
ECOC27505,3
ECOC27506,2
ECOC27507,6
ECOC27508,2
ECOC27509,1
ECOC27510,1
ECOC27511,2
ECOC27512,6
ECOC27513,6
ECOC27514,6
ECOC27515,6
ECOC27516,2
ECOC27517,2
ECOC27518,2
ECOC27519,6
ECOC27521,1
ECOC27522,1
ECOC27523,6
ECOC27524,6
ECOC27525,3
ECOC27526,6
ECOC27527,6
ECOC27528,6
ECOC27529,6
ECOC27530,0
ECOC27531,6
ECOC27532,3
ECOC27533,0
ECOC27534,1
ECOC27535,3
ECOC27537,3
ECOC27538,3
ECOC27539,6
ECOC27540,6
ECOC27541,6
ECOC27542,2
ECOC27543,2
ECOC27544,6
ECOC27545,1
ECOC27547,6
ECOC27548,2
ECOC27549,2
ECOC27550,4
ECOC27551,1
ECOC27552,1
ECOC27554,5
ECOC27555,3
ECOC27556,6
ECOC27557,1
ECOC27558,1
ECOC27560,0
ECOC27561,1
ECOC27562,1
ECOC27564,0
ECOC27565,0
ECOC27567,5
ECOC27568,3
ECOC27569,3
ECOC27570,6
ECOC27571,3
ECOC27572,6
ECOC27573,3
ECOC27574,6
ECOC27575,6
ECOC27577,1
ECOC27578,1
ECOC27579,6
ECOC27581,1
ECOC27582,1
ECOC27583,1
ECOC27584,1
ECOC27585,3
ECOC27586,3
ECOC27587,3
ECOC27588,6
ECOC27589,1
ECOC27590,1
ECOC27591,1
ECOC27593,1
ECOC27594,1
ECOC27595,5
ECOC27596,1
ECOC27597,0
ECOC27598,0
ECOC27599,5
ECOC27600,3
ECOC27601,3
ECOC27602,3
ECOC27603,6
ECOC27604,2
ECOC27607,1
ECOC27608,1
ECOC27609,1
ECOC27610,5
ECOC27611,1
ECOC27612,1
ECOC27613,1
ECOC27614,1
ECOC27615,3
ECOC27616,3
ECOC27617,3
ECOC27618,3
ECOC27619,2
ECOC27620,2
ECOC27621,2
ECOC27622,2
ECOC27624,0
ECOC27625,6
ECOC27626,6
ECOC27627,4
ECOC27629,6
ECOC27630,2
ECOC27631,6
ECOC27632,6
ECOC27633,6
ECOC27634,6
ECOC27635,2
ECOC27636,2
ECOC27637,6
ECOC27638,6
ECOC27639,2
ECOC27640,2
ECOC27641,0
ECOC27642,4
ECOC27643,2
ECOC27644,6
ECOC27645,2
ECOC27646,4
ECOC27647,1
ECOC27648,1
ECOC27649,1
ECOC27650,1
ECOC27651,3
ECOC27652,3
ECOC27653,3
ECOC27654,3
ECOC27655,3
ECOC27657,1
ECOC27658,1
ECOC27659,3
ECOC27660,3
ECOC27661,3
ECOC27662,5
ECOC27663,1
ECOC27664,5
ECOC27665,3
ECOC27666,3
ECOC27667,3
ECOC27668,2
ECOC27669,0
ECOC27670,2
ECOC27672,0
ECOC27673,1
ECOC27674,1
ECOC27675,0
ECOC27676,2
ECOC27677,1
ECOC27678,1
ECOC27679,5
ECOC27681,3
ECOC27682,3
ECOC27683,3
ECOC27685,1
ECOC27686,1
ECOC27687,1
ECOC27688,1
ECOC27689,5
ECOC27690,5
ECOC27691,3
ECOC27692,5
ECOC27693,3
ECOC27694,5
ECOC27695,3
ECOC27696,3
ECOC27697,3
ECOC27698,3
ECOC27699,3
ECOC27700,2
ECOC27701,6
ECOC27702,6
ECOC27703,1
ECOC27704,1
ECOC27705,1
ECOC27707,2
ECOC27708,4
ECOC27709,1
ECOC27710,1
ECOC27711,5
ECOC27712,3
ECOC27713,3
ECOC27714,3
ECOC27715,3
ECOC27716,6
ECOC27717,3
ECOC27719,1
ECOC27720,1
ECOC27721,3
ECOC27723,1
ECOC27724,1
ECOC27725,0
ECOC27726,0
ECOC27727,6
ECOC27728,3
ECOC27729,6
ECOC27730,6
ECOC27731,6
ECOC27732,2
ECOC27733,4
ECOC27734,2
ECOC27735,1
ECOC27736,1
ECOC27739,1
ECOC27740,1
ECOC27741,1
ECOC27742,1
ECOC27743,3
ECOC27744,3
ECOC27745,3
ECOC27746,3
ECOC27747,6
ECOC27748,2
ECOC27749,6
ECOC27750,2
ECOC27751,1
ECOC27753,6
ECOC27754,6
ECOC27755,2
ECOC27756,2
ECOC27757,2
ECOC27758,6
ECOC27759,6
ECOC27760,6
ECOC27761,6
ECOC27762,3
ECOC27763,6
ECOC27764,2
ECOC27765,1
ECOC27766,1
ECOC27767,2
ECOC27768,6
ECOC27769,6
ECOC27770,2
ECOC27771,2
ECOC27772,2
ECOC27773,4
ECOC27774,2
ECOC27776,1
ECOC27777,1
ECOC27778,1
ECOC27779,3
ECOC27780,6
ECOC27781,1
ECOC27782,1
ECOC27783,6
ECOC27784,6
ECOC27785,3
ECOC27786,0
ECOC27787,3
ECOC27788,3
ECOC27789,1
ECOC27790,1
ECOC27791,3
ECOC27792,3
ECOC27793,3
ECOC27794,3
ECOC27795,6
ECOC27796,2
ECOC27797,0
ECOC27799,2
ECOC27801,1
ECOC27802,1
ECOC27803,0
ECOC27805,1
ECOC27806,1
ECOC27807,1
ECOC27808,1
ECOC27809,3
ECOC27810,3
ECOC27811,3
ECOC27812,6
ECOC27813,1
ECOC27814,1
ECOC27815,0
ECOC27816,0
ECOC27817,1
ECOC27818,1
ECOC27822,0
ECOC27823,3
ECOC27824,3
ECOC27825,3
ECOC27826,3
ECOC27827,3
ECOC27828,6
ECOC27829,3
ECOC27830,1
ECOC27832,0
ECOC27833,1
ECOC27834,1
ECOC27836,4
ECOC27837,1
ECOC27838,1
ECOC27839,5
ECOC27840,3
ECOC27841,3
ECOC27842,3
ECOC27843,1
ECOC27844,1
ECOC27845,1
ECOC27846,1
ECOC27847,1
ECOC27848,1
ECOC27849,0
ECOC27850,0
ECOC27852,1
ECOC27853,0
ECOC27854,0
ECOC27855,3
ECOC27856,3
ECOC27857,3
ECOC27858,3
ECOC27859,6
ECOC27860,2
ECOC27861,1
ECOC27862,1
ECOC27863,1
ECOC27864,5
ECOC27866,3
ECOC27867,1
ECOC27868,1
ECOC27869,1
ECOC27870,1
ECOC27871,3
ECOC27872,3
ECOC27873,3
ECOC27874,3
ECOC27876,4
ECOC27877,2
ECOC27878,2
ECOC27879,4
ECOC27880,0
ECOC27881,6
ECOC27882,6
ECOC27883,0
ECOC27884,4
ECOC27885,2
ECOC27886,2
ECOC27887,3
ECOC27888,6
ECOC27889,6
ECOC27890,3
ECOC27891,6
ECOC27892,6
ECOC27894,4
ECOC27895,6
ECOC27896,2
ECOC27897,4
ECOC27898,1
ECOC27899,2
ECOC27902,1
ECOC27903,1
ECOC27904,1
ECOC27906,3
ECOC27907,3
ECOC27908,3
ECOC27909,1
ECOC27910,1
ECOC27911,0
ECOC27912,1
ECOC27913,1
ECOC27914,1
ECOC27915,3
ECOC27916,5
ECOC27917,3
ECOC27918,5
ECOC27919,5
ECOC27920,3
ECOC27921,3
ECOC27922,3
ECOC27923,6
ECOC27924,6
ECOC27925,1
ECOC27926,4
ECOC27927,1
ECOC27928,1
ECOC27929,1
ECOC27930,5
ECOC27931,4
ECOC27932,1
ECOC27933,1
ECOC27934,1
ECOC27935,0
ECOC27936,3
ECOC27937,3
ECOC27938,3
ECOC27939,5
ECOC27940,1
ECOC27941,5
ECOC27942,1
ECOC27943,1
ECOC27944,5
ECOC27945,3
ECOC27946,3
ECOC27947,5
ECOC27948,5
ECOC27949,3
ECOC27950,3
ECOC27951,3
ECOC27952,3
ECOC27953,3
ECOC27954,3
ECOC27955,3
ECOC27956,6
ECOC27958,4
ECOC27959,1
ECOC27960,1
ECOC27961,5
ECOC27963,1
ECOC27964,1
ECOC27965,1
ECOC27966,1
ECOC27967,3
ECOC27968,3
ECOC27969,3
ECOC27970,3
ECOC27971,5
ECOC27974,0
ECOC27975,1
ECOC27977,3
ECOC27978,6
ECOC27979,0
ECOC27981,0
ECOC27982,0
ECOC27983,6
ECOC27984,6
ECOC27985,3
ECOC27986,6
ECOC27987,6
ECOC27988,6
ECOC27989,4
ECOC27990,1
ECOC27991,1
ECOC27992,1
ECOC27993,6
ECOC27994,6
ECOC27995,1
ECOC27996,1
ECOC27997,1
ECOC27998,1
ECOC27999,3
ECOC28,3
ECOC28000,3
ECOC28001,3
ECOC28002,3
ECOC28003,2
ECOC28004,2
ECOC28005,6
ECOC28006,6
ECOC28007,2
ECOC28008,2
ECOC28009,6
ECOC28010,6
ECOC28012,2
ECOC28013,2
ECOC28014,6
ECOC28015,6
ECOC28016,3
ECOC28017,6
ECOC28018,3
ECOC28019,6
ECOC28020,6
ECOC28021,3
ECOC28022,6
ECOC28023,2
ECOC28024,2
ECOC28025,2
ECOC28026,2
ECOC28027,6
ECOC28028,2
ECOC28029,6
ECOC28030,2
ECOC28031,2
ECOC28032,6
ECOC28033,2
ECOC28034,2
ECOC28035,3
ECOC28036,3
ECOC28037,3
ECOC28038,3
ECOC28039,1
ECOC28040,1
ECOC28041,1
ECOC28042,1
ECOC28043,6
ECOC28044,6
ECOC28045,1
ECOC28046,1
ECOC28047,1
ECOC28048,1
ECOC28049,2
ECOC28050,2
ECOC28051,6
ECOC28052,6
ECOC28053,3
ECOC28054,6
ECOC28055,0
ECOC28056,0
ECOC28057,0
ECOC28058,0
ECOC28059,6
ECOC28060,6
ECOC28061,0
ECOC28062,1
ECOC28063,2
ECOC28064,3
ECOC28065,1
ECOC28066,0
ECOC28067,3
ECOC28068,3
ECOC28069,3
ECOC28070,0
ECOC28071,1
ECOC28072,1
ECOC28073,1
ECOC28075,0
ECOC28076,0
ECOC28077,1
ECOC28078,1
ECOC28081,2
ECOC28082,6
ECOC28083,3
ECOC28084,3
ECOC28085,3
ECOC28086,3
ECOC28087,3
ECOC28089,5
ECOC28090,5
ECOC28091,3
ECOC28092,3
ECOC28093,1
ECOC28094,1
ECOC28095,1
ECOC28096,3
ECOC28097,1
ECOC28098,1
ECOC28099,3
ECOC28100,3
ECOC28101,3
ECOC28102,3
ECOC28103,1
ECOC28104,1
ECOC28105,1
ECOC28106,1
ECOC28107,5
ECOC28108,1
ECOC28109,1
ECOC28110,1
ECOC28111,4
ECOC28112,1
ECOC28113,2
ECOC28114,6
ECOC28115,3
ECOC28116,3
ECOC28117,3
ECOC28118,3
ECOC28119,5
ECOC28120,5
ECOC28121,5
ECOC28122,3
ECOC28123,1
ECOC28124,1
ECOC28125,1
ECOC28126,5
ECOC28127,1
ECOC28128,1
ECOC28129,3
ECOC28130,3
ECOC28131,3
ECOC28132,0
ECOC28133,1
ECOC28134,1
ECOC28135,1
ECOC28136,4
ECOC28137,0
ECOC28138,2
ECOC28139,1
ECOC28140,1
ECOC28141,6
ECOC28142,6
ECOC28144,6
ECOC28145,6
ECOC28146,6
ECOC28147,6
ECOC28148,6
ECOC28149,6
ECOC28150,6
ECOC28151,2
ECOC28152,2
ECOC28153,2
ECOC28154,4
ECOC28155,6
ECOC28156,6
ECOC28157,0
ECOC28159,2
ECOC28160,2
ECOC28161,2
ECOC28163,3
ECOC28164,3
ECOC28165,3
ECOC28166,3
ECOC28167,1
ECOC28168,1
ECOC28169,1
ECOC28170,1
ECOC28171,3
ECOC28173,1
ECOC28175,1
ECOC28176,1
ECOC28177,6
ECOC28178,6
ECOC28179,3
ECOC28180,3
ECOC28181,3
ECOC28182,3
ECOC28183,0
ECOC28184,0
ECOC28186,1
ECOC28188,0
ECOC28189,1
ECOC28190,1
ECOC28191,1
ECOC28192,1
ECOC28193,1
ECOC28194,1
ECOC28195,3
ECOC28196,3
ECOC28197,3
ECOC28198,5
ECOC28199,1
ECOC28200,1
ECOC28201,1
ECOC28202,1
ECOC28203,1
ECOC28204,1
ECOC28205,1
ECOC28207,1
ECOC28208,5
ECOC28209,6
ECOC28210,3
ECOC28211,3
ECOC28212,6
ECOC28213,3
ECOC28214,3
ECOC28215,0
ECOC28217,1
ECOC28218,0
ECOC28219,1
ECOC28220,1
ECOC28221,2
ECOC28222,0
ECOC28223,1
ECOC28224,1
ECOC28226,3
ECOC28227,3
ECOC28228,3
ECOC28229,1
ECOC28230,1
ECOC28231,1
ECOC28233,2
ECOC28234,2
ECOC28235,1
ECOC28236,1
ECOC28237,6
ECOC28238,6
ECOC28239,4
ECOC28240,0
ECOC28241,2
ECOC28242,6
ECOC28243,3
ECOC28244,3
ECOC28245,3
ECOC28246,3
ECOC28247,1
ECOC28248,1
ECOC28249,3
ECOC28250,3
ECOC28254,6
ECOC28255,1
ECOC28256,5
ECOC28257,3
ECOC28258,3
ECOC28259,1
ECOC28260,1
ECOC28262,0
ECOC28263,2
ECOC28264,2
ECOC28265,2
ECOC28266,2
ECOC28267,6
ECOC28268,2
ECOC28269,2
ECOC28270,6
ECOC28271,1
ECOC28272,1
ECOC28273,2
ECOC28274,6
ECOC28275,6
ECOC28276,6
ECOC28277,3
ECOC28278,6
ECOC28279,2
ECOC28280,2
ECOC28281,2
ECOC28282,2
ECOC28283,6
ECOC28284,6
ECOC28286,4
ECOC28287,2
ECOC28288,6
ECOC28289,2
ECOC28290,2
ECOC28291,3
ECOC28292,3
ECOC28293,3
ECOC28294,3
ECOC28295,1
ECOC28296,1
ECOC28297,1
ECOC28298,1
ECOC28299,3
ECOC28301,1
ECOC28302,1
ECOC28303,2
ECOC28304,4
ECOC28305,2
ECOC28306,2
ECOC28307,3
ECOC28308,6
ECOC28309,6
ECOC28310,3
ECOC28312,0
ECOC28313,1
ECOC28315,3
ECOC28316,3
ECOC28317,1
ECOC28318,1
ECOC28319,0
ECOC28320,3
ECOC28322,3
ECOC28323,3
ECOC28324,3
ECOC28325,5
ECOC28326,3
ECOC28327,1
ECOC28328,1
ECOC28330,2
ECOC28331,0
ECOC28333,1
ECOC28334,1
ECOC28335,2
ECOC28336,3
ECOC28337,2
ECOC28338,3
ECOC28339,3
ECOC28340,3
ECOC28341,3
ECOC28342,3
ECOC28343,0
ECOC28344,3
ECOC28345,5
ECOC28346,5
ECOC28347,5
ECOC28348,5
ECOC28349,1
ECOC28350,1
ECOC28351,1
ECOC28352,1
ECOC28354,3
ECOC28355,3
ECOC28356,3
ECOC28357,5
ECOC28358,1
ECOC28359,1
ECOC28360,1
ECOC28362,2
ECOC28363,1
ECOC28364,1
ECOC28365,0
ECOC28366,0
ECOC28367,4
ECOC28369,6
ECOC28370,6
ECOC28371,3
ECOC28372,3
ECOC28373,5
ECOC28374,1
ECOC28375,5
ECOC28376,5
ECOC28377,3
ECOC28378,3
ECOC28379,1
ECOC28380,1
ECOC28381,0
ECOC28383,3
ECOC28384,3
ECOC28385,3
ECOC28386,3
ECOC28388,1
ECOC28389,1
ECOC28390,1
ECOC28392,2
ECOC28393,6
ECOC28394,6
ECOC28395,0
ECOC28396,2
ECOC28397,2
ECOC28398,6
ECOC28399,2
ECOC28400,2
ECOC28401,6
ECOC28402,2
ECOC28403,6
ECOC28404,6
ECOC28405,6
ECOC28406,3
ECOC28407,2
ECOC28408,2
ECOC28410,0
ECOC28411,6
ECOC28412,6
ECOC28415,2
ECOC28416,2
ECOC28417,4
ECOC28418,2
ECOC28419,3
ECOC28420,3
ECOC28421,3
ECOC28422,3
ECOC28423,1
ECOC28424,1
ECOC28425,1
ECOC28427,0
ECOC28429,1
ECOC28430,1
ECOC28431,4
ECOC28432,0
ECOC28433,2
ECOC28434,6
ECOC28435,3
ECOC28436,3
ECOC28437,3
ECOC28438,3
ECOC28440,0
ECOC28443,1
ECOC28444,1
ECOC28446,0
ECOC28447,1
ECOC28448,1
ECOC28449,6
ECOC28450,3
ECOC28451,3
ECOC28452,3
ECOC28453,1
ECOC28454,1
ECOC28455,1
ECOC28456,1
ECOC28458,6
ECOC28459,1
ECOC28460,1
ECOC28461,6
ECOC28462,6
ECOC28464,3
ECOC28465,6
ECOC28466,3
ECOC28467,3
ECOC28468,3
ECOC28469,3
ECOC28470,5
ECOC28471,0
ECOC28472,0
ECOC28473,0
ECOC28474,3
ECOC28475,1
ECOC28476,1
ECOC28477,0
ECOC28479,1
ECOC28480,1
ECOC28481,6
ECOC28482,6
ECOC28484,1
ECOC28485,1
ECOC28486,1
ECOC28487,4
ECOC28488,4
ECOC28489,2
ECOC28490,2
ECOC28493,6
ECOC28494,2
ECOC28495,0
ECOC28496,6
ECOC28497,6
ECOC28498,6
ECOC28499,3
ECOC28500,5
ECOC28501,3
ECOC28502,3
ECOC28505,3
ECOC28506,3
ECOC28507,3
ECOC28508,3
ECOC28509,6
ECOC28510,6
ECOC28511,6
ECOC28512,6
ECOC28513,6
ECOC28514,6
ECOC28515,1
ECOC28516,1
ECOC28519,2
ECOC28520,2
ECOC28521,6
ECOC28522,2
ECOC28523,6
ECOC28524,6
ECOC28525,6
ECOC28526,6
ECOC28527,1
ECOC28528,1
ECOC28529,2
ECOC28530,3
ECOC28532,3
ECOC28533,3
ECOC28534,3
ECOC28535,3
ECOC28536,3
ECOC28537,3
ECOC28538,3
ECOC28539,3
ECOC28540,3
ECOC28541,3
ECOC28542,3
ECOC28543,3
ECOC28544,3
ECOC28545,3
ECOC28546,2
ECOC28547,3
ECOC28548,3
ECOC28549,3
ECOC28550,3
ECOC28551,3
ECOC28552,3
ECOC28553,3
ECOC28554,3
ECOC28555,3
ECOC28556,3
ECOC28557,3
ECOC28558,3
ECOC28559,3
ECOC28560,3
ECOC28561,3
ECOC28562,3
ECOC28563,3
ECOC28564,3
ECOC28565,1
ECOC28566,3
ECOC28567,3
ECOC28568,3
ECOC28569,1
ECOC28570,3
ECOC28571,3
ECOC28572,3
ECOC28573,5
ECOC28574,3
ECOC28575,3
ECOC28576,3
ECOC28577,1
ECOC28578,6
ECOC28579,3
ECOC28580,3
ECOC28581,5
ECOC28582,3
ECOC28583,3
ECOC28584,3
ECOC28585,1
ECOC28586,3
ECOC28587,3
ECOC28588,3
ECOC28589,3
ECOC28590,3
ECOC28591,3
ECOC28592,3
ECOC28593,3
ECOC28594,3
ECOC28595,3
ECOC28596,3
ECOC28597,3
ECOC28598,3
ECOC28599,3
ECOC28600,3
ECOC28601,6
ECOC28602,1
ECOC28603,3
ECOC28604,3
ECOC28605,6
ECOC28606,5
ECOC28607,3
ECOC28608,3
ECOC28609,6
ECOC28610,1
ECOC28611,3
ECOC28612,3
ECOC28613,3
ECOC28614,5
ECOC28615,3
ECOC28616,3
ECOC28617,3
ECOC28618,1
ECOC28619,3
ECOC28620,3
ECOC28621,3
ECOC28622,5
ECOC28623,3
ECOC28624,3
ECOC28625,3
ECOC28626,5
ECOC28627,3
ECOC28628,3
ECOC28629,3
ECOC28630,3
ECOC28631,3
ECOC28632,3
ECOC28633,3
ECOC28634,3
ECOC28635,3
ECOC28636,3
ECOC28637,3
ECOC28638,3
ECOC28639,3
ECOC28640,3
ECOC28641,2
ECOC28642,3
ECOC28643,3
ECOC28644,3
ECOC28645,3
ECOC28646,3
ECOC28647,3
ECOC28648,3
ECOC28649,3
ECOC28650,3
ECOC28651,3
ECOC28652,3
ECOC28653,3
ECOC28654,3
ECOC28655,3
ECOC28656,3
ECOC28657,6
ECOC29,2
ECOC3,3
ECOC30,5
ECOC31,6
ECOC33,3
ECOC34,3
ECOC35,2
ECOC36,1
ECOC37,6
ECOC38,1
ECOC39,6
ECOC4,2
ECOC40,1
ECOC41,6
ECOC42,1
ECOC43,2
ECOC44,2
ECOC45,3
ECOC46,6
ECOC47,6
ECOC48,2
ECOC49,3
ECOC5,3
ECOC50,3
ECOC51,6
ECOC52,3
ECOC53,3
ECOC54,1
ECOC55,6
ECOC56,3
ECOC57,3
ECOC58,5
ECOC59,2
ECOC6,6
ECOC60,6
ECOC61,5
ECOC62,3
ECOC63,3
ECOC64,6
ECOC65,1
ECOC66,3
ECOC67,3
ECOC68,6
ECOC69,2
ECOC7,3
ECOC70,3
ECOC71,2
ECOC72,6
ECOC73,3
ECOC74,3
ECOC75,2
ECOC76,2
ECOC77,1
ECOC78,6
ECOC79,3
ECOC8,5
ECOC80,2
ECOC81,1
ECOC82,6
ECOC83,1
ECOC84,6
ECOC85,3
ECOC86,3
ECOC88,6
ECOC89,3
ECOC90,3
ECOC91,3
ECOC92,3
ECOC93,3
ECOC94,4
ECOC95,3
ECOC96,3
ECOC97,3
ECOC98,3
ECOC99,3
